Date,Open,High,Low,Close,Volume
2018-01-02,4.84138,4.93344,4.80971,4.92975,356569996
2018-01-03,5.04737,5.28502,5.03867,5.25437,920382381
2018-01-04,5.33582,5.39267,5.25977,5.28232,588501458
2018-01-05,5.29727,5.36449,5.2198,5.32734,583555647
2018-01-08,5.44995,5.56428,5.40534,5.48971,880552013
2018-01-09,5.49511,5.53504,5.40694,5.48811,501903974
2018-01-10,5.39636,5.53504,5.34182,5.53164,588085077
2018-01-11,5.56428,5.59546,5.51986,5.54163,409798752
2018-01-12,5.52965,5.56399,5.47342,5.51408,363403750
2018-01-16,5.54083,5.62612,5.35912,5.44287,697770829
2018-01-17,5.45743,5.56687,5.36429,5.5573,543235209
2018-01-18,5.53804,5.60464,5.50668,5.55063,411823099
2018-01-19,5.6406,5.71468,5.61363,5.6903,596494550
2018-01-22,5.69829,5.78058,5.6408,5.77888,555444994
2018-01-23,5.83232,5.93084,5.81382,5.90787,477741124
2018-01-24,5.91107,5.94712,5.77538,5.83112,586282160
2018-01-25,5.8859,5.92885,5.82982,5.84478,413374210
2018-01-26,5.8889,6.01804,5.87604,6.01784,520763019
2018-01-29,6.00305,6.13634,5.95012,6.10519,459399601
2018-01-30,5.96271,6.0945,5.8961,6.00265,575762313
2018-01-31,6.07822,6.1644,6.04556,6.07892,481926672
2018-02-01,5.8989,6.10649,5.8873,5.94742,521676049
2018-02-02,5.86105,5.8851,5.71668,5.77458,723636926
2018-02-05,5.61363,5.76788,5.06983,5.28502,1172541327
2018-02-06,5.05486,5.58117,5.04487,5.57817,1126982592
2018-02-07,5.67702,5.81052,5.60613,5.65835,810111898
2018-02-08,5.78358,5.81682,5.37918,5.37938,1113687989
2018-02-09,5.8921,5.90727,5.37938,5.73924,1691027393
2018-02-12,5.82032,5.82332,5.56498,5.6396,1102191657
2018-02-13,5.60264,5.79914,5.57017,5.75291,631597933
2018-02-14,5.71248,5.99936,5.70128,5.9704,751335265
2018-02-15,6.05376,6.14273,5.97288,6.0965,704779223
2018-02-16,6.06925,6.18237,6.02133,6.0306,644030681
2018-02-20,6.05296,6.22852,6.04926,6.1594,692872639
2018-02-21,6.22412,6.2305,5.9689,5.97268,853852814
2018-02-22,6.00664,6.07852,5.92625,5.99207,538907860
2018-02-23,6.05226,6.08591,6.00135,6.08591,418281253
2018-02-26,6.13236,6.13674,6.03956,6.10219,471990985
2018-02-27,6.07522,6.1592,6.06626,6.08921,460126544
2018-02-28,6.1002,6.13973,5.97687,5.98837,528502663
2018-03-01,5.98637,6.04026,5.64478,5.74592,1050831105
2018-03-02,5.6384,5.85975,5.48941,5.85328,922834786
2018-03-05,5.80312,5.87104,5.67901,5.83112,627169884
2018-03-06,5.91626,6.01184,5.87374,5.99237,643368314
2018-03-07,5.8896,6.03696,5.8883,5.98467,587194921
2018-03-08,6.01204,6.01204,5.92355,5.9681,416152771
2018-03-09,6.01584,6.08392,5.99966,6.07124,510732360
2018-03-12,6.11269,6.26026,6.10449,6.18037,611293234
2018-03-13,6.22312,6.29741,6.08871,6.13006,626155382
2018-03-14,6.17257,6.20015,6.0932,6.1552,510700523
2018-03-15,6.16858,6.25078,6.12836,6.16987,406093169
2018-03-16,6.18637,6.21712,6.14873,6.19836,403571321
2018-03-19,6.14173,6.17017,5.86475,5.96371,721124743
2018-03-20,5.96671,6.21452,5.96671,6.17587,560409142
2018-03-21,6.16937,6.2358,6.12057,6.15071,443206699
2018-03-22,6.08771,6.13435,5.94712,5.98487,556873563
2018-03-23,5.99836,6.00505,5.75361,5.76489,743194593
2018-03-26,5.8896,6.05126,5.8373,6.04996,617722685
2018-03-27,6.13106,6.18637,5.43988,5.58017,1423511791
2018-03-28,5.54633,5.67572,5.37009,5.47712,955647826
2018-03-29,5.54583,5.82732,5.46093,5.73067,926068064
2018-04-02,5.66005,5.80632,5.38238,5.46972,931589292
2018-04-03,5.6368,5.69968,5.47712,5.57617,674304297
2018-04-04,5.32085,5.60863,5.29569,5.59815,797294076
2018-04-05,5.65655,5.66932,5.40664,5.47792,708461040
2018-04-06,5.37578,5.48342,5.27253,5.30187,669816960
2018-04-09,5.36509,5.49241,5.31057,5.33053,504669465
2018-04-10,5.56079,5.66603,5.50339,5.6396,772628557
2018-04-11,5.62462,5.66533,5.56597,5.59815,463846117
2018-04-12,5.691,5.82312,5.64706,5.80532,600034765
2018-04-13,5.86904,5.87744,5.67971,5.72847,508216451
2018-04-16,5.73495,5.7616,5.6338,5.72827,354403898
2018-04-17,5.78038,5.8996,5.72467,5.87823,451831452
2018-04-18,5.82732,5.92005,5.75991,5.84908,395393003
2018-04-19,5.73425,5.76818,5.61213,5.66703,476858349
2018-04-20,5.65875,5.74323,5.62812,5.65935,390176069
2018-04-23,5.67672,5.72847,5.51388,5.54004,431911866
2018-04-24,5.56578,5.66105,5.40834,5.47342,418865664
2018-04-25,5.44346,5.48292,5.20413,5.36151,594554669
2018-04-26,5.52306,5.58087,5.45674,5.57287,379693537
2018-04-27,5.67851,5.69849,5.5583,5.60044,404978198
2018-04-30,5.61683,5.66603,5.54603,5.56528,331219117
2018-05-01,5.557,5.62312,5.4981,5.62062,256402950
2018-05-02,5.61713,5.66105,5.57367,5.59984,271010149
2018-05-03,5.6318,5.79155,5.58647,5.76539,447709539
2018-05-04,5.73645,5.91855,5.71928,5.91526,404787904
2018-05-07,6.02063,6.21053,6.01064,6.1536,694696948
2018-05-08,6.1539,6.19915,6.10549,6.19636,511832530
2018-05-09,6.21612,6.33104,6.18917,6.32904,602905293
2018-05-10,6.38218,6.44588,6.36421,6.4366,1004319290
2018-05-11,6.25477,6.4281,6.19985,6.29821,1226963961
2018-05-14,6.33604,6.39625,6.29501,6.31886,528526929
2018-05-15,6.25507,6.25777,5.97608,6.07672,973451819
2018-05-16,6.03826,6.14971,6.00106,6.08791,559532175
2018-05-17,6.08971,6.22332,6.07353,6.13006,525137468
2018-05-18,6.18157,6.24479,6.08122,6.08621,488699525
2018-05-21,6.18337,6.18717,5.95092,6.04396,647222658
2018-05-22,6.05756,6.08272,5.94492,6.00584,523603111
2018-05-23,5.94942,6.13076,5.94872,6.12956,447242453
2018-05-24,6.12577,6.17517,6.07253,6.13335,441603159
2018-05-25,6.14553,6.18857,6.11049,6.17217,294937397
2018-05-29,6.1542,6.22332,6.10889,6.1552,356095439
2018-05-30,6.18887,6.27272,6.1642,6.26406,394777376
2018-05-31,6.2323,6.31886,6.22152,6.24429,498646319
2018-06-01,6.28901,6.38477,6.28042,6.37878,426052374
2018-06-04,6.41273,6.57959,6.38078,6.55811,648236910
2018-06-05,6.5614,6.60077,6.51616,6.5636,395501795
2018-06-06,6.47284,6.5684,6.45637,6.5656,374946963
2018-06-07,6.5618,6.57339,6.41893,6.50957,373022916
2018-06-08,6.4364,6.53685,6.41763,6.49402,363944977
2018-06-11,6.48134,6.52315,6.43989,6.45287,267937480
2018-06-12,6.47934,6.51367,6.4289,6.5016,322247156
2018-06-13,6.50299,6.57809,6.48783,6.49701,341478426
2018-06-14,6.54242,6.66525,6.52745,6.60874,434176621
2018-06-15,6.55181,6.623,6.52045,6.5681,436441387
2018-06-18,6.52385,6.58109,6.49661,6.5641,359713721
2018-06-19,6.46016,6.52785,6.31426,6.44169,600688720
2018-06-20,6.48284,6.54811,6.44438,6.49482,373357284
2018-06-21,6.52685,6.54541,6.35821,6.36601,362994320
2018-06-22,6.38666,6.40015,6.19836,6.21352,438358504
2018-06-25,6.10769,6.11149,5.83212,5.92055,672258789
2018-06-26,6.03459,6.08272,5.94022,5.99187,483518544
2018-06-27,6.03577,6.10219,5.83112,5.8365,458283357
2018-06-28,5.82652,5.97588,5.81912,5.96391,341282043
2018-06-29,6.0293,6.04176,5.86475,5.86605,396094419
2018-07-02,5.79614,6.00185,5.77558,5.99806,361033318
2018-07-03,6.03299,6.03876,5.85607,5.86445,224887894
2018-07-05,5.91925,6.01534,5.88092,6.01034,309180433
2018-07-06,5.98587,6.13276,5.96441,6.12437,299219999
2018-07-09,6.19836,6.20784,6.0932,6.17137,306820877
2018-07-10,6.18387,6.29241,6.14353,6.27043,363498552
2018-07-11,6.17757,6.21233,6.11857,6.12936,371061943
2018-07-12,6.17417,6.26845,6.1642,6.22052,348849591
2018-07-13,6.23929,6.23929,6.13156,6.17317,249554374
2018-07-16,6.14553,6.19855,6.13355,6.14553,198943229
2018-07-17,6.0967,6.29641,6.07124,6.28122,365639322
2018-07-18,6.27402,6.28771,6.18117,6.2323,280327714
2018-07-19,6.21332,6.27402,6.19836,6.24049,238032163
2018-07-20,6.23809,6.27672,6.20135,6.21213,224638863
2018-07-23,6.18557,6.18737,6.02401,6.17537,304502512
2018-07-24,6.22352,6.31018,6.14103,6.1579,358052596
2018-07-25,6.16739,6.24908,6.11019,6.23649,323279625
2018-07-26,6.21632,6.34653,6.19955,6.30998,328270623
2018-07-27,6.34623,6.35322,6.18617,6.24029,298279538
2018-07-30,6.25407,6.26006,6.01004,6.04496,343634269
2018-07-31,6.03477,6.13803,5.99566,6.06326,286735283
2018-08-01,6.0947,6.14951,6.03876,6.10319,286298863
2018-08-02,6.03179,6.20933,5.97268,6.20554,272276516
2018-08-03,6.2301,6.26576,6.21312,6.24209,216361207
2018-08-06,6.22951,6.29321,6.18287,6.28971,209514133
2018-08-07,6.33823,6.38078,6.31198,6.36201,260627706
2018-08-08,6.36321,6.44338,6.32824,6.39845,264634187
2018-08-09,6.41613,6.41893,6.34203,6.34982,206254786
2018-08-10,6.26805,6.34083,6.25677,6.30868,259109463
2018-08-13,6.31726,6.46206,6.31556,6.34123,378836339
2018-08-14,6.44688,6.48704,6.36381,6.47284,470729936
2018-08-15,6.49382,6.52765,6.33584,6.41463,596854766
2018-08-16,6.48464,6.48704,6.31416,6.37418,809010897
2018-08-17,6.26276,6.26346,6.03527,6.06226,1154247674
2018-08-20,6.02163,6.26924,5.91057,6.13703,862652077
2018-08-21,6.1529,6.27672,6.13355,6.27222,680509064
2018-08-22,6.23979,6.51247,6.2363,6.50757,757111413
2018-08-23,6.46865,6.67225,6.45487,6.60704,727656947
2018-08-24,6.61553,6.75511,6.61104,6.74043,536652689
2018-08-27,6.77029,6.90569,6.73873,6.83181,510670618
2018-08-28,6.82602,6.84879,6.67345,6.79426,479983025
2018-08-29,6.78656,6.92385,6.7656,6.8991,423942159
2018-08-30,6.86796,6.97917,6.84599,6.88212,349771224
2018-08-31,6.86276,6.96622,6.85299,6.95323,309386871
2018-09-04,6.93994,7.06636,6.91168,7.02861,395294587
2018-09-05,7.01083,7.04658,6.81702,6.8974,396743396
2018-09-06,6.88092,6.88342,6.72357,6.75661,325740332
2018-09-07,6.66395,6.86096,6.61952,6.73535,298113741
2018-09-10,6.7579,6.83621,6.71388,6.80685,222146539
2018-09-11,6.7601,6.84799,6.73923,6.7586,245330529
2018-09-12,6.71858,6.73833,6.48863,6.64427,422913546
2018-09-13,6.7104,6.81353,6.69292,6.72237,308322825
2018-09-14,6.81323,6.91407,6.77608,6.84879,390465139
2018-09-17,6.82352,6.87146,6.76729,6.78686,207402526
2018-09-18,6.79086,6.89292,6.7076,6.71438,302253350
2018-09-19,6.69562,6.75611,6.64547,6.73833,226909867
2018-09-20,6.61602,6.65826,6.54282,6.59677,434510839
2018-09-21,6.60874,6.65426,6.49332,6.52665,439095742
2018-09-24,6.49562,6.58578,6.40843,6.58238,296594306
2018-09-25,6.64847,6.67444,6.5631,6.64947,282947739
2018-09-26,6.65446,6.69492,6.59677,6.61273,270997380
2018-09-27,6.64767,6.66895,6.59307,6.6245,216384802
2018-09-28,6.75691,6.98387,6.72887,6.96172,715868179
2018-10-01,7.04009,7.2356,7.00116,7.1685,627732943
2018-10-02,7.14114,7.25306,7.07535,7.09721,387467542
2018-10-03,7.1675,7.1751,6.99946,7.1034,323475006
2018-10-04,7.06756,7.09142,6.84249,6.91867,394788512
2018-10-05,6.8941,6.95622,6.628,6.68542,430526482
2018-10-08,6.60237,6.71788,6.44289,6.58408,412338186
2018-10-09,6.5638,6.65826,6.51047,6.57859,275994757
2018-10-10,6.47204,6.51816,6.08471,6.08691,691186617
2018-10-11,5.99966,6.13355,5.80352,5.82512,732055092
2018-10-12,6.08252,6.18217,5.93703,6.10819,613785358
2018-10-15,6.0947,6.0947,5.83032,5.83132,453864251
2018-10-16,5.94402,6.1017,5.8951,6.0905,412440328
2018-10-17,6.1525,6.19057,5.97268,6.02183,332675467
2018-10-18,6.0912,6.12976,5.87404,5.93403,528802400
2018-10-19,5.98937,6.00904,5.6408,5.67702,619207688
2018-10-22,5.72967,5.82982,5.62512,5.72827,372208492
2018-10-23,5.46073,5.554,5.36909,5.47642,632152580
2018-10-24,5.43788,5.48472,4.92605,4.93973,892354962
2018-10-25,4.84238,5.19644,4.79802,5.14953,960403794
2018-10-26,4.91248,5.07502,4.78438,4.91208,670849699
2018-10-29,5.05386,5.05736,4.3607,4.59863,764932759
2018-10-30,4.62179,5.03907,4.59863,5.0291,814554428
2018-10-31,5.19385,5.26674,5.05436,5.22309,752575573
2018-11-01,5.25957,5.41312,5.13325,5.40364,571696544
2018-11-02,5.39437,5.4997,5.20762,5.32485,457092222
2018-11-05,5.31157,5.33482,5.0858,5.24638,382790913
2018-11-06,5.23838,5.32315,5.19185,5.22878,301738142
2018-11-07,5.29569,5.38637,5.23158,5.29668,488225689
2018-11-08,5.23708,5.23778,5.04987,5.10357,516017757
2018-11-09,5.01412,5.18585,4.98036,5.09558,417011831
2018-11-12,5.00384,5.02591,4.67373,4.69549,622747654
2018-11-13,4.79334,5.05935,4.78707,4.93743,650592510
2018-11-14,5.11127,5.12557,4.77709,4.88531,531382645
2018-11-15,4.87931,5.0863,4.84317,5.01392,848378165
2018-11-16,4.04595,4.22779,4.00343,4.07363,1981431554
2018-11-19,4.00802,4.00871,3.58323,3.58503,1713308778
2018-11-20,3.32116,3.82148,3.30247,3.6934,1707469035
2018-11-21,3.83048,3.84726,3.5578,3.58523,1034849268
2018-11-23,3.55031,3.70597,3.53812,3.59242,415726716
2018-11-26,3.71356,3.80214,3.63097,3.79186,822265650
2018-11-27,3.76568,3.8896,3.72992,3.80862,744793275
2018-11-28,3.92613,3.97077,3.79366,3.96547,811864900
2018-11-29,3.96777,4.00472,3.87222,3.90219,553629589
2018-11-30,3.91188,4.06334,3.86162,4.05264,735484182
2018-12-03,4.28011,4.33202,4.14971,4.2168,898032253
2018-12-04,4.17207,4.17707,3.88092,3.8959,818700888
2018-12-06,3.75549,3.93033,3.7399,3.92534,697927012
2018-12-07,3.92953,3.93983,3.61122,3.66065,687209149
2018-12-10,3.61569,3.79086,3.61202,3.76588,634580929
2018-12-11,3.85762,3.86592,3.59572,3.67504,677365189
2018-12-12,3.68073,3.78886,3.59143,3.6927,659443601
2018-12-13,3.7395,3.80363,3.65635,3.6924,475209782
2018-12-14,3.65066,3.73451,3.60822,3.63197,475649537
2018-12-17,3.60172,3.67404,3.50287,3.56049,668245728
2018-12-18,3.60442,3.72822,3.57726,3.64417,568949330
2018-12-19,3.61022,3.66394,3.38334,3.43498,751413751
2018-12-20,3.42649,3.51685,3.29019,3.35038,755669984
2018-12-21,3.37677,3.40973,3.18555,3.21302,870749374
2018-12-24,3.13692,3.22319,3.08752,3.15127,467602655
2018-12-26,3.19754,3.30148,3.08652,3.30049,700739433
2018-12-27,3.24834,3.2825,3.10447,3.25234,642212101
2018-12-28,3.27291,3.40703,3.23138,3.31416,633592285
2018-12-31,3.35777,3.39033,3.2795,3.31047,468914200
2019-01-02,3.23966,3.43428,3.22489,3.37806,512881613
2019-01-03,3.31766,3.35178,3.16627,3.17387,711276216
2019-01-04,3.24704,3.41551,3.2162,3.37737,590370994
2019-01-07,3.43468,3.59302,3.38334,3.5561,714913286
2019-01-08,3.63797,3.64017,3.39473,3.46793,792394875
2019-01-09,3.51935,3.58323,3.46863,3.53632,622267388
2019-01-10,3.51685,3.61022,3.45625,3.60142,527401091
2019-01-11,3.57925,3.71375,3.55131,3.69091,881860443
2019-01-14,3.63867,3.75589,3.61499,3.73091,736094532
2019-01-15,3.76348,3.80284,3.69839,3.71674,622016494
2019-01-16,3.7439,3.77687,3.68541,3.6911,473918037
2019-01-17,3.65815,3.80244,3.63097,3.76248,497439921
2019-01-18,3.81201,3.91755,3.76068,3.8916,656621866
2019-01-22,3.86142,3.87322,3.65915,3.68941,666918811
2019-01-23,3.7447,3.83328,3.67104,3.70227,595817340
2019-01-24,3.78686,3.93183,3.78217,3.91417,714723062
2019-01-25,3.85462,3.98925,3.75189,3.97147,1164595355
2019-01-28,3.38633,3.51287,3.24854,3.4225,2531905241
2019-01-29,3.37637,3.4247,3.24884,3.26303,1163296870
2019-01-30,3.3396,3.4215,3.25954,3.40703,982134418
2019-01-31,3.40373,3.60042,3.38204,3.56479,849692353
2019-02-01,3.58343,3.64037,3.53632,3.58923,630118569
2019-02-04,3.60502,3.7367,3.58303,3.69969,532889691
2019-02-05,3.71156,3.75519,3.67783,3.71873,546826230
2019-02-06,3.75169,3.85862,3.7465,3.79446,708165650
2019-02-07,3.7479,3.74989,3.61301,3.65595,642289587
2019-02-08,3.58873,3.68511,3.57426,3.67454,465350940
2019-02-11,3.63037,3.68471,3.58343,3.63197,499198492
2019-02-12,3.67024,3.76448,3.65595,3.74889,595856338
2019-02-13,3.77847,3.86442,3.76468,3.79146,610284010
2019-02-14,3.79046,3.86022,3.7472,3.83198,833975341
2019-02-15,4.04066,4.06364,3.87922,3.90159,1529056282
2019-02-19,3.8912,3.96507,3.87222,3.88441,556370654
2019-02-20,3.91357,3.99873,3.90239,3.93183,545379053
2019-02-21,3.94451,3.96907,3.84825,3.86292,452186181
2019-02-22,3.91457,3.96647,3.90089,3.9478,405000982
2019-02-25,4.03099,4.09858,3.92653,3.93533,661342140
2019-02-26,3.93053,3.98625,3.86242,3.8956,492426189
2019-02-27,3.88142,3.90789,3.79715,3.85393,504314276
2019-02-28,3.84765,3.87022,3.80713,3.82928,327241929
2019-03-01,3.87942,3.92583,3.82069,3.88361,359714603
2019-03-04,3.92215,3.9451,3.83528,3.8919,412891140
2019-03-05,3.87642,3.92355,3.82168,3.88541,365492874
2019-03-06,3.87662,3.88491,3.77187,3.77467,406381429
2019-03-07,3.75089,3.76068,3.65915,3.70527,453290316
2019-03-08,3.61599,3.75019,3.59442,3.7397,425403878
2019-03-11,3.76318,4.023,3.71594,4.00003,865809452
2019-03-12,4.028,4.08092,3.95179,4.03418,583675866
2019-03-13,4.07193,4.2153,4.06433,4.18584,774341510
2019-03-14,4.19504,4.20701,4.10208,4.10987,523060443
2019-03-15,4.15289,4.25786,4.14942,4.2156,666139840
2019-03-18,4.24667,4.30078,4.16687,4.19404,490439178
2019-03-19,4.28859,4.40632,4.27163,4.3623,861022298
2019-03-20,4.39124,4.44445,4.29459,4.32952,724237391
2019-03-21,4.35272,4.59263,4.34772,4.56648,830143520
2019-03-22,4.54024,4.58765,4.39264,4.40632,752933887
2019-03-25,4.366,4.43008,4.24747,4.31407,528928478
2019-03-26,4.45574,4.51205,4.33452,4.39094,708485176
2019-03-27,4.41632,4.46304,4.31207,4.38167,477728446
2019-03-28,4.40752,4.46603,4.34732,4.40012,483662429
2019-03-29,4.46703,4.48202,4.41652,4.45774,460128186
2019-04-01,4.54983,4.55551,4.47802,4.52524,487248112
2019-04-02,4.54953,4.58736,4.50627,4.54324,444039890
2019-04-03,4.59263,4.74112,4.58765,4.68192,794360213
2019-04-04,4.66675,4.71547,4.61081,4.67323,460613129
2019-04-05,4.71617,4.75739,4.67992,4.73982,485154853
2019-04-08,4.70917,4.78607,4.68521,4.76079,427195558
2019-04-09,4.72714,4.73842,4.65576,4.69789,443086119
2019-04-10,4.69719,4.79434,4.69269,4.76859,447919522
2019-04-11,4.77109,4.80252,4.70488,4.7546,377252188
2019-04-12,4.79334,4.79732,4.70767,4.71647,475044386
2019-04-15,4.70867,4.71367,4.54584,4.58506,443207941
2019-04-16,4.62458,4.69069,4.59163,4.67193,397758408
2019-04-17,4.70667,4.72764,4.62728,4.64927,353486461
2019-04-18,4.65576,4.6897,4.59703,4.62498,383684094
2019-04-22,4.60133,4.69389,4.56998,4.67852,281916342
2019-04-23,4.69149,4.76439,4.68172,4.73284,349309566
2019-04-24,4.74342,4.78637,4.68252,4.74542,320456407
2019-04-25,4.70488,4.72744,4.56049,4.64027,502830545
2019-04-26,4.48612,4.49061,4.30208,4.4211,875138175
2019-04-29,4.42908,4.47972,4.357,4.45205,394692629
2019-04-30,4.41951,4.51905,4.40032,4.49329,365489709
2019-05-01,4.54604,4.58785,4.48002,4.48022,356788151
2019-05-02,4.48991,4.58934,4.44645,4.54804,397478201
2019-05-03,4.55621,4.56618,4.48172,4.54354,339206860
2019-05-06,4.357,4.47702,4.31956,4.46473,425165112
2019-05-07,4.41632,4.41632,4.24887,4.29739,559147052
2019-05-08,4.26963,4.39782,4.25766,4.31756,422132252
2019-05-09,4.24817,4.25786,4.10587,4.22479,664918490
2019-05-10,4.19404,4.25946,4.07113,4.19084,573527873
2019-05-13,4.05864,4.08191,3.91735,3.93333,661561147
2019-05-14,3.97306,4.05764,3.93433,4.0224,528592988
2019-05-15,3.96677,3.99773,3.90739,3.96128,505874531
2019-05-16,3.95609,4.019,3.91337,3.97626,786615191
2019-05-17,3.93453,4.06394,3.84626,3.88561,1029300138
2019-05-20,3.78716,3.84197,3.7425,3.76718,576113366
2019-05-21,3.82768,3.86522,3.78946,3.84925,364410351
2019-05-22,3.81031,3.83647,3.76748,3.77847,328175541
2019-05-23,3.71594,3.71594,3.59742,3.65715,596032291
2019-05-24,3.67604,3.71126,3.59642,3.60322,360115590
2019-05-28,3.62098,3.65365,3.5561,3.5581,431385161
2019-05-29,3.51087,3.54552,3.44925,3.48419,563762710
2019-05-30,3.48739,3.52334,3.419,3.45744,396636957
2019-05-31,3.40833,3.44098,3.36477,3.36657,392029871
2019-06-03,3.37777,3.41651,3.29519,3.32465,481480577
2019-06-04,3.38903,3.5591,3.36657,3.55381,645640160
2019-06-05,3.62797,3.63337,3.4752,3.51157,514648196
2019-06-06,3.51585,3.59802,3.51336,3.57327,410557923
2019-06-07,3.57925,3.65036,3.56009,3.61619,350925494
2019-06-10,3.67224,3.75748,3.67224,3.68891,405168551
2019-06-11,3.74889,3.78666,3.70697,3.7467,386145572
2019-06-12,3.70297,3.70926,3.61839,3.63367,361019417
2019-06-13,3.65565,3.70297,3.63817,3.68471,309907366
2019-06-14,3.59143,3.61599,3.54981,3.59472,396764357
2019-06-17,3.59302,3.64167,3.57007,3.60442,277677845
2019-06-18,3.66594,3.85492,3.65495,3.79944,585367537
2019-06-19,3.83468,3.84596,3.77947,3.80543,333609899
2019-06-20,3.8959,3.90989,3.8153,3.82968,352243018
2019-06-21,3.81471,3.86422,3.76518,3.77167,437002142
2019-06-24,3.79316,3.82348,3.7459,3.79416,284625990
2019-06-25,3.79885,3.87422,3.76188,3.76468,313715181
2019-06-26,3.8922,4.019,3.87942,3.95778,587535378
2019-06-27,4.04365,4.07593,4.00742,4.05664,448082124
2019-06-28,4.10058,4.10987,4.03468,4.08162,400023684
2019-07-01,4.28879,4.32333,4.09228,4.12985,715750954
2019-07-02,4.11307,4.13404,4.0184,4.03169,402600034
2019-07-03,4.05514,4.06094,3.98445,4.04465,248096261
2019-07-05,3.98605,3.99045,3.91855,3.98176,398904586
2019-07-08,3.92235,3.94132,3.87722,3.90689,331741685
2019-07-09,3.86492,3.93753,3.85223,3.90939,344892944
2019-07-10,3.95309,4.03518,3.93913,3.97746,454755850
2019-07-11,4.05095,4.17307,4.01341,4.13255,686604688
2019-07-12,4.16007,4.23658,4.16007,4.16537,509394507
2019-07-15,4.18664,4.20281,4.12885,4.15688,291557840
2019-07-16,4.14213,4.17937,4.09658,4.15209,343467951
2019-07-17,4.15389,4.22459,4.12485,4.2176,350268495
2019-07-18,4.22799,4.29239,4.17137,4.22928,445806103
2019-07-19,4.26763,4.27413,4.18007,4.18604,346940335
2019-07-22,4.2076,4.27063,4.20003,4.25766,317812787
2019-07-23,4.29709,4.36799,4.2814,4.366,430714742
2019-07-24,4.44027,4.44605,4.33302,4.44027,368408539
2019-07-25,4.39852,4.41132,4.2856,4.30907,395025956
2019-07-26,4.33632,4.39782,4.33632,4.35132,275785065
2019-07-29,4.34402,4.3613,4.25646,4.34502,249633021
2019-07-30,4.29838,4.37298,4.2838,4.3607,198942789
2019-07-31,4.32902,4.32972,4.15071,4.19304,361546282
2019-08-01,4.20361,4.29409,4.04635,4.09858,423709493
2019-08-02,4.00572,4.07533,3.95828,4.00572,430888521
2019-08-05,3.82228,3.82348,3.70068,3.7477,592649890
2019-08-06,3.82228,3.86792,3.7387,3.78646,363412293
2019-08-07,3.72553,3.83647,3.70797,3.82448,374770330
2019-08-08,3.88222,3.93433,3.82468,3.93313,311132372
2019-08-09,3.8922,3.8954,3.78147,3.83168,343843000
2019-08-12,3.77967,3.83168,3.7422,3.76388,280855511
2019-08-13,3.75269,3.92414,3.72353,3.87842,362649496
2019-08-14,3.79016,3.80114,3.68591,3.72972,422370327
2019-08-15,3.75519,3.76848,3.66334,3.69739,557748798
2019-08-16,3.96008,4.01441,3.89859,3.96527,1021404231
2019-08-19,4.07893,4.26016,4.06264,4.24427,821161515
2019-08-20,4.23877,4.23927,4.15071,4.17187,466269258
2019-08-21,4.23797,4.31077,4.2166,4.25546,430447514
2019-08-22,4.26515,4.30777,4.22259,4.26166,305557344
2019-08-23,4.18506,4.23957,4.01701,4.03698,572873277
2019-08-26,4.11587,4.13993,4.07363,4.11187,320482706
2019-08-27,4.14991,4.15269,3.99144,4.021,293277834
2019-08-28,3.99443,4.06334,3.95549,4.01041,257090134
2019-08-29,4.10208,4.18684,4.09858,4.15438,360140968
2019-08-30,4.20082,4.25047,4.14892,4.16707,292343561
2019-09-03,4.09428,4.12725,4.06114,4.08411,297973552
2019-09-04,4.14473,4.20581,4.14473,4.19834,229245718
2019-09-05,4.30058,4.47802,4.29878,4.47173,699920843
2019-09-06,4.44825,4.50527,4.40632,4.44445,378836459
2019-09-09,4.47572,4.57707,4.47422,4.49061,419585026
2019-09-10,4.45774,4.58366,4.44805,4.55721,354552670
2019-09-11,4.57197,4.63397,4.54304,4.58566,363294718
2019-09-12,4.63227,4.68671,4.57637,4.58406,329458292
2019-09-13,4.51785,4.55502,4.48272,4.52654,326192716
2019-09-16,4.45125,4.51805,4.44077,4.48342,232975507
2019-09-17,4.49011,4.50887,4.44346,4.50487,229600247
2019-09-18,4.49789,4.51355,4.39094,4.47772,265340219
2019-09-19,4.48372,4.50207,4.39124,4.40182,257607345
2019-09-20,4.40082,4.4245,4.2858,4.29609,359014189
2019-09-23,4.29639,4.39512,4.29259,4.34972,257087881
2019-09-24,4.38097,4.41052,4.25646,4.29209,322826549
2019-09-25,4.29159,4.45375,4.24667,4.43407,314651516
2019-09-26,4.4243,4.43308,4.361,4.41182,238999164
2019-09-27,4.37028,4.42081,4.2123,4.27283,367764319
2019-09-30,4.29878,4.34072,4.26743,4.33052,194152189
2019-10-01,4.35372,4.50307,4.32403,4.32872,369379256
2019-10-02,4.30677,4.31876,4.23228,4.30478,297120330
2019-10-03,4.30937,4.51705,4.27881,4.51087,465013357
2019-10-04,4.51305,4.55651,4.44775,4.52724,269282113
2019-10-07,4.59183,4.68521,4.58306,4.58566,490722540
2019-10-08,4.49409,4.49409,4.39094,4.40912,451559296
2019-10-09,4.48612,4.54554,4.45724,4.49589,309402113
2019-10-10,4.49359,4.60433,4.48831,4.55382,329131255
2019-10-11,4.63757,4.70987,4.6186,4.62698,453090959
2019-10-14,4.61561,4.66095,4.58706,4.64057,211373414
2019-10-15,4.73044,4.95771,4.71647,4.88511,671280641
2019-10-16,4.85087,4.95601,4.81961,4.83119,434887992
2019-10-17,4.87582,4.92106,4.77879,4.83319,265620827
2019-10-18,4.83359,4.86632,4.66425,4.73862,309141825
2019-10-21,4.80002,4.88951,4.78138,4.87612,268284256
2019-10-22,4.93304,5.03837,4.85834,4.86612,339033442
2019-10-23,4.78408,4.86732,4.7521,4.85316,287179826
2019-10-24,4.89429,4.93075,4.86034,4.89709,240216548
2019-10-25,4.97797,5.10957,4.97019,5.0886,425178702
2019-10-28,5.13255,5.19714,5.10297,5.14474,332423461
2019-10-29,5.13075,5.13724,5.0287,5.04807,212278873
2019-10-30,5.07502,5.08081,4.98186,5.05007,206977513
2019-10-31,5.0291,5.05007,4.92076,5.00084,210767250
2019-11-01,4.9654,5.07232,4.94043,5.03987,285037443
2019-11-04,5.12127,5.24908,5.09797,5.23658,378574619
2019-11-05,5.23638,5.26256,5.1669,5.21461,302352688
2019-11-06,5.19065,5.21611,5.07782,5.1657,270340511
2019-11-07,5.25178,5.26654,5.13854,5.18345,281722854
2019-11-08,5.1665,5.20084,5.12875,5.16949,190341851
2019-11-11,5.16869,5.20243,5.08201,5.17945,244992115
2019-11-12,5.21741,5.27053,5.18265,5.21461,285239104
2019-11-13,5.18365,5.21082,5.12257,5.18885,303856579
2019-11-14,5.19784,5.22139,5.13774,5.21911,529606678
2019-11-15,5.21681,5.26853,4.99125,5.07981,1059417001
2019-11-18,5.07232,5.30757,5.06933,5.28102,578156721
2019-11-19,5.25008,5.27353,5.11627,5.17468,417429353
2019-11-20,5.15173,5.33752,5.13894,5.25357,475351053
2019-11-21,5.24908,5.30487,5.20713,5.22878,289811858
2019-11-22,5.25138,5.29827,5.22279,5.24638,225204295
2019-11-25,5.37478,5.50788,5.36181,5.50289,509850276
2019-11-26,5.48542,5.48991,5.39217,5.39865,387583595
2019-11-27,5.44376,5.47812,5.40714,5.43309,216320116
2019-11-29,5.40264,5.4306,5.37228,5.39616,142150402
2019-12-02,5.38917,5.40264,5.19444,5.20942,375437023
2019-12-03,5.02571,5.17418,4.98825,5.17019,476133789
2019-12-04,5.25357,5.27603,5.18545,5.21362,274765425
2019-12-05,5.23558,5.25138,5.1662,5.19684,185913892
2019-12-06,5.26605,5.31516,5.25607,5.28232,233392648
2019-12-09,5.25937,5.33712,5.25058,5.28232,216034680
2019-12-10,5.31237,5.37918,5.25957,5.32734,257765200
2019-12-11,5.33782,5.41662,5.33532,5.41112,234990920
2019-12-12,5.38218,5.59646,5.37328,5.57817,407785782
2019-12-13,5.58117,5.70048,5.52206,5.57617,456874688
2019-12-16,5.62362,5.67772,5.59566,5.60513,322654373
2019-12-17,5.62362,5.70598,5.61443,5.6833,324619121
2019-12-18,5.71828,5.77418,5.70968,5.71368,345722070
2019-12-19,5.74821,5.87544,5.74323,5.86205,455006474
2019-12-20,5.92855,5.98487,5.90907,5.95941,605913817
2019-12-23,5.98807,6.02033,5.93503,5.94572,356882472
2019-12-24,5.93024,5.95791,5.8959,5.94082,139446042
2019-12-26,5.94412,5.98307,5.92525,5.95492,183986159
2019-12-27,5.9701,5.98367,5.87074,5.8971,255878238
2019-12-30,5.87524,5.88032,5.75221,5.78358,259329792
2019-12-31,5.74821,5.86724,5.72927,5.85806,232180562
2020-01-02,5.94402,5.97288,5.8933,5.97288,238675161
2020-01-03,5.85308,5.92105,5.82812,5.87724,206634962
2020-01-06,5.78358,5.90707,5.75741,5.90189,264014644
2020-01-07,5.93024,6.01934,5.8851,5.97338,320543948
2020-01-08,5.9691,6.02601,5.92905,5.98467,278402946
2020-01-09,6.07094,6.12277,5.99636,6.05026,256513024
2020-01-10,6.1574,6.18787,6.06855,6.08272,317789012
2020-01-13,6.16559,6.29821,6.14333,6.27322,321680962
2020-01-14,6.2305,6.25577,6.14333,6.1562,361086768
2020-01-15,6.16888,6.19136,6.08791,6.11388,264208422
2020-01-16,6.16719,6.20334,6.14373,6.19736,285383048
2020-01-17,6.21652,6.22412,6.1584,6.20614,254854482
2020-01-21,6.16937,6.20634,6.13873,6.17257,218830597
2020-01-22,6.21812,6.31316,6.19915,6.22532,240241635
2020-01-23,6.26675,6.30341,6.17787,6.29501,245539460
2020-01-24,6.41043,6.46016,6.18157,6.2361,375079410
2020-01-27,5.93124,6.0313,5.78138,5.98007,472506764
2020-01-28,6.04596,6.20584,5.99287,6.17337,312279722
2020-01-29,6.1589,6.19516,6.07323,6.11318,260538864
2020-01-30,6.01534,6.13335,5.96011,6.11977,291721434
2020-01-31,6.07392,6.08591,5.84428,5.8861,371972560
2020-02-03,5.86804,6.00285,5.86175,5.98337,257001091
2020-02-04,6.12537,6.17157,6.07522,6.1525,272681950
2020-02-05,6.27342,6.28342,6.1594,6.24309,209093025
2020-02-06,6.27722,6.32954,6.19616,6.32924,219197133
2020-02-07,6.28941,6.31168,6.23829,6.26346,190547628
2020-02-10,6.28601,6.54741,6.28102,6.54661,531828029
2020-02-11,6.65526,6.78426,6.59307,6.66945,641233843
2020-02-12,6.72237,6.79186,6.68343,6.78526,376215333
2020-02-13,6.72737,6.80884,6.69991,6.74142,530228936
2020-02-14,7.15152,7.34334,7.12017,7.21432,1046291700
2020-02-18,7.11117,7.40155,7.09162,7.38298,624488088
2020-02-19,7.50579,7.85259,7.50579,7.8348,697242031
2020-02-20,7.78667,7.87524,7.37759,7.68531,813446277
2020-02-21,7.5733,7.59825,7.2361,7.32099,772518323
2020-02-24,6.72687,7.01741,6.67225,6.80385,860507291
2020-02-25,6.87874,6.94054,6.42193,6.52365,1059922634
2020-02-26,6.52385,6.85776,6.52245,6.66345,752804204
2020-02-27,6.34922,6.65127,6.20015,6.29221,909670668
2020-02-28,6.0286,6.78726,6.02332,6.72787,1138750940
2020-03-02,6.8977,6.91487,6.5016,6.88592,893945032
2020-03-03,6.94174,7.00165,6.53785,6.6235,655137934
2020-03-04,6.73117,7.09662,6.65626,7.08724,599553158
2020-03-05,6.88772,7.05477,6.7633,6.80804,542268247
2020-03-06,6.6283,6.68592,6.4267,6.6273,517263604
2020-03-09,5.97608,6.46156,5.93324,6.11448,616364401
2020-03-10,6.39026,6.50348,6.12806,6.50348,582734373
2020-03-11,6.36321,6.39176,6.04276,6.14003,503871155
2020-03-12,5.61613,5.88192,5.37608,5.38867,819474340
2020-03-13,5.74163,6.00405,5.47042,5.99966,637118000
2020-03-16,5.29151,5.6321,4.83239,4.89229,729583368
2020-03-17,5.00484,5.5014,4.75759,5.41262,836626291
2020-03-18,4.98426,5.22978,4.50108,5.05237,877406625
2020-03-19,5.0309,5.39915,4.81721,5.30537,768263532
2020-03-20,5.45515,5.73724,5.10997,5.12557,807524372
2020-03-23,5.12457,5.39297,4.94522,5.29847,646187425
2020-03-24,5.70448,6.29371,5.68071,6.20734,1105600837
2020-03-25,6.32206,6.52185,6.06995,6.11877,796280615
2020-03-26,6.32555,6.53195,6.22782,6.40773,700093380
2020-03-27,6.22782,6.55441,6.19486,6.29541,641124360
2020-03-30,6.36081,6.6253,6.31686,6.61602,604413351
2020-03-31,6.65626,6.86046,6.42043,6.5664,953372726
2020-04-01,6.36801,6.51466,6.01064,6.05526,659272666
2020-04-02,6.08452,6.37678,6.03627,6.36351,678191761
2020-04-03,6.32605,6.36751,5.93853,6.07622,665596080
2020-04-06,6.35781,6.72317,6.30041,6.68622,730496960
2020-04-07,6.90769,6.93125,6.40913,6.45237,787339811
2020-04-08,6.5616,6.67494,6.49162,6.64997,544392944
2020-04-09,6.77588,6.79885,6.48704,6.55011,528138070
2020-04-13,6.49033,6.73117,6.40174,6.72237,399838318
2020-04-14,6.85049,7.1074,6.82282,7.07355,532853787
2020-04-15,6.9051,7.07894,6.85996,6.99586,367464031
2020-04-16,7.15132,7.44818,7.13814,7.34104,748298579
2020-04-17,7.42322,7.44469,7.14783,7.28184,541058445
2020-04-20,7.15532,7.3112,7.1062,7.15052,451002396
2020-04-21,7.0326,7.09362,6.65396,6.71388,737800464
2020-04-22,6.90589,7.1711,6.86046,7.12816,486470243
2020-04-23,7.1703,7.30201,7.04978,7.07505,425683094
2020-04-24,7.06476,7.21562,6.98987,7.21362,353912145
2020-04-27,7.34832,7.56053,7.32378,7.40025,481109885
2020-04-28,7.54804,7.578,7.25226,7.25786,444494999
2020-04-29,7.39256,7.48762,7.31749,7.43472,380523794
2020-04-30,7.38078,7.43472,7.26686,7.28084,377268002
2020-05-01,7.08324,7.19636,6.99616,7.04438,343326590
2020-05-04,6.99686,7.26985,6.99686,7.25586,318695843
2020-05-05,7.36031,7.47984,7.25606,7.31719,370220609
2020-05-06,7.39655,7.52307,7.35881,7.41793,324627413
2020-05-07,7.55754,7.65767,7.50639,7.59446,375072911
2020-05-08,7.66617,7.79086,7.6323,7.78467,341128024
2020-05-11,7.77968,8.08324,7.75094,8.0364,470745018
2020-05-12,8.09422,8.14316,7.76492,7.7747,494830292
2020-05-13,7.88953,8.0494,7.5677,7.75214,628098117
2020-05-14,7.81364,8.00725,7.65997,8.00166,604475834
2020-05-15,7.86177,8.47006,7.846,8.46057,991209343
2020-05-18,8.72937,8.88455,8.64949,8.71908,779192159
2020-05-19,8.75883,9.05468,8.73166,8.77401,719898505
2020-05-20,8.95882,9.01076,8.85707,8.93785,589646554
2020-05-21,9.01906,9.02006,8.7064,8.74404,763803365
2020-05-22,8.79369,9.06017,8.68214,8.99408,1042496194
2020-05-26,9.12379,9.14876,8.641,8.68674,773547617
2020-05-27,8.59406,8.60186,7.96801,8.49461,1180115975
2020-05-28,8.38219,8.72937,8.34924,8.45677,738772272
2020-05-29,8.52378,8.84379,8.45479,8.84379,748599047
2020-06-01,8.80167,8.80916,8.65847,8.77471,391913668
2020-06-02,8.76482,8.80567,8.62702,8.79369,392726129
2020-06-03,8.7907,8.83461,8.66897,8.73835,366751500
2020-06-04,8.70091,8.91531,8.65049,8.73935,425608122
2020-06-05,8.76702,8.9688,8.68094,8.89204,483255893
2020-06-08,8.84958,8.86205,8.65877,8.77751,388952465
2020-06-09,8.77261,9.08114,8.72408,9.01776,469957164
2020-06-10,9.13897,9.47038,9.12479,9.33765,634162816
2020-06-11,9.12119,9.23232,8.75863,8.76881,585479494
2020-06-12,9.13377,9.15844,8.67615,8.90453,572697495
2020-06-15,8.7877,9.15345,8.71668,9.14496,401255860
2020-06-16,9.19607,9.2378,8.81115,9.04002,537394034
2020-06-17,9.08503,9.26996,9.04172,9.20706,409585324
2020-06-18,9.19807,9.2536,9.08583,9.18909,255206888
2020-06-19,9.21365,9.41545,9.19837,9.23232,525803320
2020-06-22,9.27096,9.50163,9.2443,9.49714,399715335
2020-06-23,9.52128,9.61246,9.37811,9.42044,376283044
2020-06-24,9.44669,9.52657,9.1158,9.20666,450779304
2020-06-25,9.32667,9.47536,9.15345,9.46039,377250666
2020-06-26,9.47038,9.47038,9.0962,9.12619,593941445
2020-06-29,9.14097,9.17571,8.87205,9.17111,343320781
2020-06-30,9.28493,9.49665,9.2376,9.46818,369045048
2020-07-01,9.49115,9.54585,9.3835,9.50033,327670548
2020-07-02,9.60898,9.7072,9.54855,9.5825,365195060
2020-07-06,9.71119,9.87756,9.68224,9.80824,316883803
2020-07-07,9.91499,10.038,9.81964,9.84061,358921100
2020-07-08,9.96213,10.1938,9.93448,10.1838,366625952
2020-07-09,10.3485,10.5373,10.2018,10.4763,496097190
2020-07-10,10.5553,10.6222,10.3465,10.4473,499234566
2020-07-13,10.5623,10.759,9.99404,10.021,458507511
2020-07-14,10.044,10.3703,9.75485,10.3455,544375017
2020-07-15,10.3823,10.4013,10.024,10.1958,405251044
2020-07-16,9.9841,10.1748,9.86438,10.103,346045862
2020-07-17,10.1938,10.2168,10.056,10.1698,267119220
2020-07-20,10.2428,10.4983,10.125,10.4783,285743566
2020-07-21,10.4803,10.5273,10.2547,10.2967,278537086
2020-07-22,10.3355,10.5693,10.2597,10.4063,368441969
2020-07-23,10.4173,10.5143,10,10.098,412951490
2020-07-24,9.84391,10.3325,9.74645,10.1628,474775345
2020-07-27,10.2008,10.4093,10.1858,10.3893,293045768
2020-07-28,10.3425,10.3495,10.1778,10.1838,272487410
2020-07-29,10.3583,10.4833,10.3155,10.4333,285399373
2020-07-30,10.3435,10.5902,10.2637,10.5813,309848248
2020-07-31,10.5303,10.7331,10.4013,10.5813,387496686
2020-08-03,10.6991,11.0636,10.6821,10.9756,414312709
2020-08-04,11.0156,11.1932,10.8729,11.1932,311308244
2020-08-05,11.2092,11.3361,11.1313,11.2512,251284873
2020-08-06,11.3141,11.3221,11.1432,11.3001,245081378
2020-08-07,11.2771,11.4691,11.0026,11.1642,343589442
2020-08-10,11.2991,11.3731,10.8229,11.1303,429136731
2020-08-11,11.0396,11.1016,10.763,10.8169,355621613
2020-08-12,10.9556,11.4311,10.9237,11.4041,466400113
2020-08-13,11.51,11.6855,11.3201,11.4071,375633176
2020-08-14,11.494,11.6685,11.4051,11.5278,367584651
2020-08-17,11.8144,12.3704,11.7804,12.2976,623248190
2020-08-18,12.4104,12.4564,12.049,12.2228,505024073
2020-08-19,12.2578,12.2756,12.061,12.1008,624573765
2020-08-20,11.9382,12.3355,11.8424,12.1038,924274011
2020-08-21,12.1638,12.7679,12.1578,12.6442,1003003259
2020-08-24,12.8438,12.8718,12.4684,12.6801,492101696
2020-08-25,12.5913,12.721,12.5343,12.71,289982823
2020-08-26,12.7589,12.8278,12.6382,12.733,322249760
2020-08-27,12.7419,12.8098,12.5273,12.5883,318598308
2020-08-28,12.6352,13.1063,12.6033,13.1063,538842042
2020-08-31,13.1413,13.5328,12.9976,13.3331,502410909
2020-09-01,13.4421,13.955,13.3991,13.7827,513926390
2020-09-02,14.661,14.685,13.8614,14.3055,876489969
2020-09-03,13.7906,13.8465,12.8428,12.9787,947804678
2020-09-04,12.7479,13.1373,11.6715,12.5863,1467831119
2020-09-08,11.7015,12.5144,11.6715,11.8804,797984705
2020-09-09,12.3644,12.7729,12.1978,12.6791,738284766
2020-09-10,12.9527,13.0286,12.1328,12.2766,700664631
2020-09-11,12.4504,12.6162,11.8624,12.1308,638732005
2020-09-14,13.0445,13.2772,12.5953,12.8358,1205150884
2020-09-15,13.2432,13.2612,12.7918,12.9547,729618571
2020-09-16,12.9208,13.0555,12.4784,12.4784,559179730
2020-09-17,12.0978,12.5543,12.0011,12.4284,794757846
2020-09-18,12.5583,12.5963,11.9551,12.1558,700441459
2020-09-21,11.8924,12.4864,11.8714,12.4814,723085965
2020-09-22,12.5393,12.6122,12.1218,12.6023,648284220
2020-09-23,12.5403,12.6911,12.0461,12.0898,648846058
2020-09-24,12.0381,12.5343,11.9801,12.3125,733312776
2020-09-25,12.4194,12.8468,12.2118,12.8378,589682808
2020-09-28,13.0036,13.0156,12.714,12.9986,575435396
2020-09-29,12.9008,13.4051,12.8968,13.1883,624770629
2020-09-30,13.1203,13.5848,13.1133,13.4928,691137383
2020-10-01,13.7197,13.7247,13.4231,13.5768,526490264
2020-10-02,13.1873,13.4818,13.0146,13.0256,554061733
2020-10-05,13.1993,13.6058,13.1853,13.6048,481178157
2020-10-06,13.7916,14.1028,13.6267,13.6987,786643013
2020-10-07,13.961,14.0798,13.8256,13.9253,419270107
2020-10-08,14.0358,14.0458,13.7197,13.8006,379974706
2020-10-09,13.7287,13.7867,13.6227,13.7247,347874047
2020-10-12,13.9502,14.3065,13.8743,14.1858,435975923
2020-10-13,14.2557,14.3075,13.98,14.2078,345579758
2020-10-14,14.2497,14.3025,13.9213,14.0558,277431188
2020-10-15,13.7727,13.967,13.7297,13.9313,267982467
2020-10-16,13.998,14.0818,13.7547,13.7737,243327274
2020-10-19,13.8644,13.9442,13.3691,13.46,298913332
2020-10-20,13.5458,13.7617,13.4689,13.6078,229861656
2020-10-21,13.5868,13.7537,13.4401,13.4868,220219687
2020-10-22,13.4848,13.5738,13.1943,13.3231,291302690
2020-10-23,13.4121,13.5548,13.2542,13.5528,234145991
2020-10-26,13.3891,13.6547,13.0016,13.1043,337849137
2020-10-27,13.2692,13.4041,13.1543,13.3591,251229660
2020-10-28,13.1613,13.2223,12.5733,12.5913,377585205
2020-10-29,12.8018,13.1553,12.714,12.9877,320989021
2020-10-30,12.8138,12.8998,12.2648,12.4984,418578987
2020-11-02,12.6222,12.7998,12.3594,12.5453,300501879
2020-11-03,12.6721,13.0685,12.5673,12.9827,273674489
2020-11-04,13.3521,13.7896,13.2991,13.7557,411391956
2020-11-05,14.1228,14.2985,13.952,14.1208,319932506
2020-11-06,14.0708,14.5473,13.8564,14.5213,384435744
2020-11-09,14.5113,14.649,13.5728,13.5928,584630118
2020-11-10,13.5688,13.5688,12.5923,12.734,645892596
2020-11-11,13.0176,13.3971,12.9118,13.3801,405890507
2020-11-12,13.4411,13.7277,13.2782,13.4191,367674125
2020-11-13,13.5888,13.6307,13.0226,13.2592,347745095
2020-11-16,13.1353,13.6118,13.1193,13.4768,414947485
2020-11-17,13.5148,13.5588,13.2672,13.3851,312912264
2020-11-18,13.4271,13.5678,13.1473,13.3911,512373346
2020-11-19,13.1753,13.45,13.0635,13.4031,567538167
2020-11-20,13.4161,13.457,13.0286,13.0505,342056487
2020-11-23,13.1343,13.3451,12.9787,13.1033,362378352
2020-11-24,13.1053,13.1253,12.8488,12.9218,347482003
2020-11-25,12.9956,13.2323,12.9837,13.1973,260653034
2020-11-27,13.3371,13.3701,13.1333,13.2243,167749272
2020-11-30,13.2273,13.3751,12.9358,13.3641,287765268
2020-12-01,13.455,13.4908,13.1913,13.3531,298414639
2020-12-02,13.3131,13.6357,13.1973,13.5068,284164302
2020-12-03,13.5538,13.6257,13.2951,13.3631,200027034
2020-12-04,13.4151,13.5258,13.3551,13.5248,202756682
2020-12-07,13.5668,13.6967,13.4659,13.5728,223612984
2020-12-08,13.5508,13.5648,13.2482,13.3171,272324457
2020-12-09,13.2672,13.3801,12.8358,12.8978,401674464
2020-12-10,12.8368,13.0356,12.8168,12.9398,208292042
2020-12-11,12.9398,12.9877,12.7898,12.9807,209796764
2020-12-14,13.0545,13.3551,13.0445,13.2752,270843540
2020-12-15,13.4061,13.4301,13.1533,13.3271,193977008
2020-12-16,13.3891,13.4031,13.1793,13.2093,223680935
2020-12-17,13.3331,13.3461,13.1453,13.3081,231971140
2020-12-18,13.3451,13.3711,13.0376,13.2393,342932803
2020-12-21,13.0415,13.3371,12.9348,13.2991,303099471
2020-12-22,13.2861,13.3041,13.0216,13.2452,186787764
2020-12-23,13.2223,13.2422,12.9717,12.9767,179597429
2020-12-24,13.0046,13.0993,12.9058,12.9607,98131953
2020-12-28,13.0296,13.0296,12.731,12.8678,213105104
2020-12-29,12.8928,13.0395,12.8098,12.9108,170804555
2020-12-30,12.9577,13.1803,12.8638,13.1123,225969225
2020-12-31,13.1033,13.1173,12.8818,13.0216,192912762
2021-01-04,13.0715,13.6187,12.9298,13.0804,562064720
2021-01-05,13.0665,13.4101,13.0535,13.3711,323579081
2021-01-06,13.1893,13.2113,12.5543,12.5823,581896094
2021-01-07,12.9348,13.3441,12.8538,13.3111,462652709
2021-01-08,13.3291,13.3871,13.0096,13.2432,293271024
2021-01-11,13.3851,13.9263,13.3291,13.5878,520346108
2021-01-12,13.7187,13.7207,13.3111,13.451,292217483
2021-01-13,13.456,13.5908,13.3511,13.4978,210561474
2021-01-14,13.5408,13.5658,13.1473,13.1673,283838837
2021-01-15,13.1953,13.2921,12.8158,12.8268,278486290
2021-01-19,12.9837,13.0615,12.8118,12.9926,226760955
2021-01-20,13.0785,13.3971,13.0236,13.3321,259227119
2021-01-21,13.3851,13.964,13.2203,13.8335,339198288
2021-01-22,13.7057,13.8076,13.5928,13.6787,247445000
2021-01-25,13.7477,13.7946,13.2033,13.6197,251748494
2021-01-26,13.5468,13.6108,13.3541,13.4011,164396585
2021-01-27,13.1973,13.1993,12.7609,12.8848,372215142
2021-01-28,12.9637,13.3061,12.9278,13.0176,228895416
2021-01-29,13.0425,13.3011,12.8788,12.9567,272241233
2021-02-01,13.0206,13.2373,12.8698,13.2033,217755575
2021-02-02,13.3651,13.5378,13.2522,13.5228,220997747
2021-02-03,13.6018,13.8973,13.4828,13.4968,246032145
2021-02-04,13.4968,13.6397,13.3041,13.6307,201849460
2021-02-05,13.6907,13.7027,13.5118,13.5568,169582954
2021-02-08,13.6927,14.4373,13.6927,14.4025,435725890
2021-02-09,14.3045,14.5463,14.1868,14.2267,288289940
2021-02-10,14.4263,14.867,14.3045,14.726,486584133
2021-02-11,14.9419,15.2333,14.8869,15.2124,451971911
2021-02-12,15.0116,15.2512,14.737,14.9229,375708628
2021-02-16,15.0256,15.3321,14.9119,15.2902,322776645
2021-02-17,15.1325,15.1844,14.742,14.868,276398399
2021-02-18,14.691,14.835,14.5383,14.791,234674899
2021-02-19,14.9857,15.1385,14.809,14.8879,272413761
2021-02-22,14.737,15.0945,14.2885,14.3195,326712651
2021-02-23,14.0408,14.2028,13.3561,14.1068,391785948
2021-02-24,14.0878,14.4703,13.7217,14.4623,449456883
2021-02-25,14.0098,14.3385,13.1833,13.2742,826528453
2021-02-26,13.7187,13.8206,13.3271,13.6807,502201737
2021-03-01,13.8405,13.8903,13.5198,13.8076,354079385
2021-03-02,13.8654,13.8863,13.3631,13.3721,264784441
2021-03-03,13.3931,13.4181,12.7659,12.7719,378548590
2021-03-04,12.7679,12.9428,12.054,12.3384,574800299
2021-03-05,12.5184,12.5184,11.6495,12.4294,544216561
2021-03-08,12.4184,12.4394,11.5368,11.5638,544490069
2021-03-09,12.1038,12.5893,12.0331,12.4924,522969407
2021-03-10,12.8118,12.9517,12.4304,12.4404,385219141
2021-03-11,12.9218,13.0176,12.706,12.9657,300571714
2021-03-12,12.6202,12.8608,12.5623,12.8278,244498750
2021-03-15,12.8368,13.1783,12.7389,13.1623,223008223
2021-03-16,13.3271,13.4828,13.0883,13.2622,272726136
2021-03-17,13.0116,13.4241,12.9617,13.3121,244398771
2021-03-18,13.1073,13.1553,12.6891,12.6941,294832961
2021-03-19,12.722,12.8938,12.5843,12.8178,299862837
2021-03-22,12.8848,13.3651,12.8788,13.1573,298455890
2021-03-23,13.2253,13.3151,12.9926,13.0425,222532824
2021-03-24,13.1223,13.1303,12.6092,12.6152,246377419
2021-03-25,12.4724,12.6871,12.2448,12.5074,295791540
2021-03-26,12.5263,12.8278,12.3464,12.8108,364766822
2021-03-29,12.7918,13.0336,12.6721,12.9198,274119452
2021-03-30,12.8138,12.9467,12.6771,12.8438,200641330
2021-03-31,12.9877,13.4421,12.9537,13.3191,315467532
2021-04-01,13.5428,13.8405,13.4818,13.7827,308950360
2021-04-05,13.8385,13.984,13.7037,13.958,256231845
2021-04-06,13.97,14.0238,13.7447,13.8325,192166280
2021-04-07,13.8514,14.2118,13.6827,14.1138,251835193
2021-04-08,14.2217,14.4403,14.2177,14.2856,244950703
2021-04-09,14.1828,14.3765,14.1448,14.3685,195598705
2021-04-12,14.2586,15.3171,14.1088,15.1754,871227627
2021-04-13,15.1984,15.6646,15.0925,15.6436,677694189
2021-04-14,15.5898,15.6846,15.1944,15.2422,386346972
2021-04-15,15.6267,16.178,15.5967,16.101,599792595
2021-04-16,16.017,16.13,15.8293,15.8763,335942366
2021-04-19,15.5018,15.7716,15.1994,15.3271,405304594
2021-04-20,15.2882,15.4618,14.9299,15.1375,334865481
2021-04-21,15.0855,15.3271,15.0685,15.3251,217252225
2021-04-22,15.3401,15.4039,14.751,14.817,278395204
2021-04-23,14.9009,15.3001,14.867,15.2313,228271486
2021-04-26,15.1515,15.4438,15.0915,15.4428,198230667
2021-04-27,15.5428,15.6356,15.3191,15.3471,164933766
2021-04-28,15.3301,15.4968,15.1824,15.2422,209875271
2021-04-29,15.3649,15.4009,15.0385,15.2902,173576135
2021-04-30,15.1405,15.3301,14.9638,14.9767,202352690
2021-05-03,15.0915,15.2134,14.755,14.804,204358830
2021-05-04,14.6053,14.6063,13.98,14.3195,406213308
2021-05-05,14.676,14.781,14.3565,14.4263,292663188
2021-05-06,14.4633,14.5393,14.1868,14.4913,193804832
2021-05-07,14.775,14.9379,14.6401,14.779,229830029
2021-05-10,14.754,14.773,14.2187,14.2347,269493258
2021-05-11,13.7956,14.3235,13.7207,14.2746,286211383
2021-05-12,13.98,14.2287,13.6797,13.7287,304074414
2021-05-13,14.0039,14.0508,13.4301,13.6357,286353835
2021-05-14,13.8604,14.2965,13.7197,14.2118,259181891
2021-05-17,14.1268,14.1388,13.8246,14.1358,217456479
2021-05-18,14.2357,14.3725,13.974,13.986,186662528
2021-05-19,13.5368,14.0488,13.5138,14.0358,344753426
2021-05-20,14.2706,14.651,14.2397,14.5803,322296870
2021-05-21,15.1305,15.1884,14.836,14.9589,674467250
2021-05-24,15.1784,15.7096,15.1425,15.5768,556032410
2021-05-25,15.7306,15.7825,15.4468,15.6127,436361337
2021-05-26,15.6986,15.7586,15.5508,15.6646,371250675
2021-05-27,15.6646,15.7146,15.4249,15.4528,582749846
2021-05-28,15.4658,16.2408,15.4658,16.2079,645948469
2021-06-01,16.2338,16.3516,15.8673,16.2288,473839420
2021-06-02,16.2158,16.8818,16.1989,16.741,595470023
2021-06-03,16.6641,17.2214,16.5463,16.9327,581278223
2021-06-04,17.0744,17.6229,17.0584,17.54,618473064
2021-06-07,17.533,17.7734,17.1554,17.581,577017033
2021-06-08,17.489,17.584,17.2134,17.419,324556658
2021-06-09,17.482,17.541,17.2224,17.3242,382406460
2021-06-10,17.3162,17.458,17.1424,17.391,288335168
2021-06-11,17.446,17.9043,17.41,17.7904,417124619
2021-06-14,17.8713,18.0051,17.6288,17.9842,322004955
2021-06-15,17.8803,17.9812,17.6936,17.7535,243507372
2021-06-16,17.7565,17.9203,17.55,17.7754,307725314
2021-06-17,17.7405,18.799,17.7215,18.6213,811243775
2021-06-18,18.7481,19.338,18.5484,18.6033,970755601
2021-06-21,18.3995,18.5005,17.7884,18.3915,673701659
2021-06-22,18.4365,18.9277,18.3505,18.8508,581284062
2021-06-23,18.9716,19.1165,18.8718,19.0205,333009274
2021-06-24,19.1913,19.383,19.0515,19.1693,321552190
2021-06-25,19.2433,19.3092,18.8578,18.9946,278912205
2021-06-28,19.3242,20.0401,19.2823,19.9463,496408824
2021-06-29,19.8434,20.0601,19.6198,19.9883,368355310
2021-06-30,19.9603,20.1228,19.8254,19.9633,327207037
2021-07-01,20.086,20.4155,19.9803,20.1728,481077186
2021-07-02,20.3995,20.4644,20.2487,20.4465,344070579
2021-07-06,20.6961,20.8,20.3106,20.6562,447584122
2021-07-07,20.812,20.833,20.2927,20.3326,419248414
2021-07-08,19.8174,20.0939,19.6638,19.8644,504287376
2021-07-09,19.9233,20.0411,19.7166,20.0112,297204786
2021-07-12,20.2008,20.4924,20.1488,20.4714,322616647
2021-07-13,20.3605,20.4205,20.0751,20.2108,291276812
2021-07-14,20.3186,20.3785,19.7156,19.8044,380845123
2021-07-15,19.7745,19.8094,18.8229,18.9297,551644971
2021-07-16,18.9936,19.1205,18.0381,18.1259,689573232
2021-07-19,17.8803,19.0055,17.8314,18.7441,750528743
2021-07-20,18.6941,18.802,18.1289,18.5763,435539593
2021-07-21,18.8388,19.49,18.7061,19.373,371745452
2021-07-22,19.6049,19.8484,19.2393,19.557,324461436
2021-07-23,19.6188,19.6628,19.2133,19.521,196055967
2021-07-26,19.2743,19.405,18.8777,19.2573,204343377
2021-07-27,19.2283,19.585,18.7051,19.1713,249350951
2021-07-28,19.2823,19.6088,18.9586,19.466,202587941
2021-07-29,19.482,19.8144,19.2912,19.6248,191155273
2021-07-30,19.381,19.5929,19.2263,19.462,183857568
2021-08-02,19.6628,19.9223,19.3242,19.7126,217870696
2021-08-03,19.7027,20.1828,19.1833,19.7775,302403033
2021-08-04,19.9513,20.2787,19.7905,20.2348,231763330
2021-08-05,20.4594,20.6911,20.3026,20.5952,211850294
2021-08-06,20.4834,20.5283,20.1708,20.3266,178846910
2021-08-09,20.4055,20.4674,20.1039,20.2557,146730478
2021-08-10,20.2827,20.3895,19.7965,19.8974,179589527
2021-08-11,20.0042,20.0102,19.393,19.6618,186289712
2021-08-12,19.8314,19.9903,19.583,19.8664,152159579
2021-08-13,19.8664,20.1748,19.8134,20.1488,183422109
2021-08-16,20.0959,20.2477,19.416,19.9113,211567172
2021-08-17,19.6478,19.7325,19.2303,19.421,204986335
2021-08-18,19.463,19.5959,18.9636,19.0035,286474575
2021-08-19,19.456,20.4545,18.7261,19.7605,768059098
2021-08-20,19.9523,20.823,19.8944,20.774,677067415
2021-08-23,20.9288,21.9534,20.9078,21.9144,576936573
2021-08-24,21.7095,21.9154,21.4919,21.7494,297882346
2021-08-25,21.6935,22.4257,21.6786,22.169,348383386
2021-08-26,22.156,22.2959,21.7464,22.0242,238407372
2021-08-27,22.14,22.6771,22.123,22.5912,305320180
2021-08-30,22.7849,22.9976,22.5063,22.6432,263095193
2021-08-31,22.6542,22.6542,22.08,22.3449,260313718
2021-09-01,22.4445,22.6561,22.3169,22.4007,202127264
2021-09-02,22.4774,22.5522,22.2549,22.3559,188445495
2021-09-03,22.2849,22.9446,22.16,22.8018,281333483
2021-09-07,22.7919,22.8577,22.4824,22.6212,198460931
2021-09-08,22.4724,22.5692,21.9374,22.2989,254888573
2021-09-09,22.2719,22.4973,22.091,22.137,197207553
2021-09-10,22.3089,22.5852,22.2299,22.4377,248819288
2021-09-13,22.6432,22.9226,21.8184,22.112,298031167
2021-09-14,22.2349,22.3697,22.0462,22.2019,200111320
2021-09-15,22.2689,22.3269,21.9264,22.3009,166835410
2021-09-16,22.144,22.2369,21.8874,22.2019,156312077
2021-09-17,22.2599,22.2809,21.7904,21.8604,295028763
2021-09-20,21.1074,21.394,20.6242,21.0744,350064471
2021-09-21,21.378,21.386,20.9118,21.2074,205053625
2021-09-22,21.3271,21.9204,21.1574,21.9014,269205449
2021-09-23,22.1,22.4944,21.8504,22.4416,248998776
2021-09-24,22.0302,22.109,21.8214,22.0412,218044135
2021-09-27,21.6717,21.7594,21.2863,21.6208,245653040
2021-09-28,21.1754,21.38,20.6132,20.6612,343681599
2021-09-29,20.9018,20.9788,20.4305,20.4804,218783637
2021-09-30,20.7311,21.0276,20.6502,20.6781,221403802
2021-10-01,20.7121,20.821,20.1678,20.7041,241408294
2021-10-04,20.4674,20.5054,19.521,19.6977,346252210
2021-10-05,19.9153,20.6102,19.8194,20.4145,279780389
2021-10-06,20.085,20.6821,20.0451,20.6622,297732492
2021-10-07,21.0534,21.2833,20.9338,21.0366,257377733
2021-10-08,21.0624,21.1674,20.7371,20.793,151528028
2021-10-11,20.5373,21.0246,20.4744,20.6572,163679316
2021-10-12,20.79,21.0187,20.4914,20.6332,162423074
2021-10-13,20.88,20.9518,20.6752,20.9008,180974491
2021-10-14,21.2493,21.7155,21.0834,21.7065,244023802
2021-10-15,21.7704,21.8914,21.6228,21.8224,227399377
2021-10-18,21.7095,22.2509,21.6048,22.1819,189831961
2021-10-19,22.2359,22.3389,21.9973,22.2499,161761649
2021-10-20,22.2649,22.3927,21.9424,22.0632,146537160
2021-10-21,22.0572,22.6701,22.0432,22.6512,187925320
2021-10-22,22.7819,23.0885,22.5203,22.6851,249829133
2021-10-25,22.9316,23.3133,22.7289,23.1245,230645985
2021-10-26,23.9463,25.2143,23.8813,24.6732,486766014
2021-10-27,24.4305,25.0456,24.2389,24.4077,246429176
2021-10-28,24.8339,24.9058,24.4794,24.8968,234622551
2021-10-29,24.9558,25.6636,24.9558,25.522,293025187
2021-11-01,25.6036,25.8484,25.1824,25.7814,266214312
2021-11-02,25.7764,26.6303,25.7544,26.3547,294637620
2021-11-03,26.6224,26.736,26.1889,26.5505,240338760
2021-11-04,27.1555,31.3092,27.0696,29.7477,1155691296
2021-11-05,30.133,31.3442,29.3573,29.6989,852780325
2021-11-08,30.095,31.0447,29.8533,30.7493,503999356
2021-11-09,32.2249,32.2519,29.9102,30.6024,647901159
2021-11-10,29.3033,30.7952,28.726,29.4063,637341853
2021-11-11,30.4137,30.5354,29.7237,30.3357,332765301
2021-11-12,29.9562,30.6254,29.5769,30.3357,413791913
2021-11-15,30.4974,30.5894,29.1943,29.9712,385596364
2021-11-16,29.7059,30.3357,29.6529,30.1489,264955986
2021-11-17,30.3637,30.4545,28.7479,29.2083,429273214
2021-11-18,32.3088,32.7011,31.2653,31.6187,783106723
2021-11-19,32.186,33.0287,31.8485,32.9259,534820028
2021-11-22,33.4569,34.5853,31.8435,31.8994,755682323
2021-11-23,31.4788,32.3018,30.8252,31.6897,533113034
2021-11-24,31.4051,32.796,30.8732,32.6153,435939368
2021-11-26,32.5414,32.6513,31.2942,31.4468,283574363
2021-11-29,32.3078,33.3522,31.9794,33.3163,455776451
2021-11-30,33.1097,33.2935,31.8076,32.6173,623177354
2021-12-01,33.1646,33.2346,31.3282,31.3832,486610001
2021-12-02,31.1624,32.4235,30.9738,32.0733,473676818
2021-12-03,31.9474,32.0763,30.0801,30.6424,545230352
2021-12-06,29.8304,30.1909,27.9912,29.9872,660034371
2021-12-07,30.906,32.3946,30.6004,32.3726,594039821
2021-12-08,31.9464,32.2359,31.3692,31.7736,476342370
2021-12-09,31.6817,32.152,30.3777,30.4395,489319630
2021-12-10,31.0984,31.2533,29.8114,30.1479,489638084
2021-12-13,30.1989,30.2439,28.0692,28.114,599338798
2021-12-14,27.6526,28.6302,27.2044,28.29,668144758
2021-12-15,28.3528,30.4495,27.7915,30.4087,699458264
2021-12-16,31.1004,31.1084,28.0462,28.3398,708542411
2021-12-17,27.9383,28.8738,27.7136,27.7545,717814249
2021-12-20,27.2594,28.0971,27.0996,27.6726,462614882
2021-12-21,28.3268,29.0716,27.3553,29.0267,525257076
2021-12-22,28.8428,29.506,28.4018,29.3513,395841632
2021-12-23,29.7059,30.0091,29.3823,29.5909,343592236
2021-12-27,29.6109,31.0347,29.5909,30.894,404357262
2021-12-28,31.2603,31.2782,29.9622,30.2718,421290718
2021-12-29,30.2219,30.4974,29.3173,29.9512,343709971
2021-12-30,29.7775,30.4067,29.491,29.5369,309377907
2021-12-31,29.6249,29.9802,29.2823,29.3623,266973193
2022-01-03,29.7655,30.6604,29.7357,30.0711,393055570
2022-01-04,30.2269,30.4177,28.3019,29.2413,528031140
2022-01-05,28.9008,29.3673,27.4869,27.5577,498892235
2022-01-06,27.5937,28.3908,27.0197,28.131,454941757
2022-01-07,28.0941,28.3748,27.0117,27.2014,410620306
2022-01-10,26.5365,27.423,25.6006,27.3543,595670001
2022-01-11,27.2774,28.0182,26.7938,27.7705,404761355
2022-01-12,28.0202,28.5474,27.5617,27.9522,384051161
2022-01-13,28.3328,28.4327,26.4535,26.5305,539764316
2022-01-14,26.2758,27.1515,26.1671,26.8967,396490679
2022-01-18,26.2169,26.5934,25.7275,25.8604,426013526
2022-01-19,26.0363,26.4995,25.0106,25.0256,489126652
2022-01-20,25.2623,25.537,24.0379,24.1099,435904506
2022-01-21,23.468,24.7821,23.2245,23.3352,720153585
2022-01-24,22.2929,23.3412,20.853,23.3332,917333768
2022-01-25,22.5083,22.9047,21.9634,22.2869,665721727
2022-01-26,23.2015,24.0171,22.2629,22.7339,757216008
2022-01-27,23.529,23.9552,21.6387,21.9074,574306293
2022-01-28,21.9753,22.8198,21.2603,22.8018,544678630
2022-01-31,23.1435,24.4684,23.0136,24.4455,565618836
2022-02-01,25.0625,25.1035,23.8504,24.5973,519788226
2022-02-02,25.7514,25.7744,24.5123,25.2003,544323200
2022-02-03,24.4176,25.0356,23.7406,23.9083,410859973
2022-02-04,23.9323,24.5943,23.593,24.2789,355418640
2022-02-07,24.3318,25.1404,24.1619,24.6872,377494289
2022-02-08,24.3189,25.1884,23.9403,25.0665,411041133
2022-02-09,25.58,26.6803,25.3112,26.6603,525153622
2022-02-10,25.9524,26.8797,25.558,25.7814,514053249
2022-02-11,25.8734,26.1091,23.7336,23.9093,606478979
2022-02-14,23.8943,24.8339,23.7156,24.2269,441156924
2022-02-15,24.9078,26.5005,24.7431,26.4505,702919922
2022-02-16,26.2159,26.5375,25.51,26.4665,733894884
2022-02-17,25.5879,25.7425,24.1249,24.4664,811943227
2022-02-18,24.6263,24.9448,23.0615,23.603,762520994
2022-02-22,22.9966,24.024,22.9616,23.3512,634475922
2022-02-23,23.7625,24.1149,22.2639,22.3499,567452970
2022-02-24,20.9798,23.7605,20.855,23.7086,737024387
2022-02-25,23.6817,24.1769,23.3422,24.1169,529745095
2022-02-28,23.9522,24.6243,23.6677,24.3448,478112468
