date,avg_sentiment_score
2018-01-01,0.18605
2018-01-02,0.11076319018404909
2018-01-03,0.1378962447844228
2018-01-04,0.10047420965058237
2018-01-05,0.09583469879518072
2018-01-06,0.17988461538461537
2018-01-07,0.20040681818181819
2018-01-08,0.1303409677419355
2018-01-09,0.11917659574468085
2018-01-10,0.11028999999999999
2018-01-11,0.08954857142857142
2018-01-12,0.12907931034482759
2018-01-13,-0.014997142857142858
2018-01-14,0.17792222222222223
2018-01-15,0.1540181818181818
2018-01-16,0.04580494699646643
2018-01-17,0.07448339350180506
2018-01-18,0.09374430379746836
2018-01-19,0.10645523255813953
2018-01-20,0.19383684210526317
2018-01-21,0.07724516129032258
2018-01-22,0.08374366812227074
2018-01-23,0.12101057268722468
2018-01-24,0.11425919540229885
2018-01-25,0.14856684210526316
2018-01-26,0.12122619926199261
2018-01-27,0.16971538461538463
2018-01-28,0.04291111111111111
2018-01-29,0.14278666666666667
2018-01-30,0.0798617117117117
2018-01-31,0.11855980392156862
2018-02-01,0.05920311526479751
2018-02-02,0.10040313479623823
2018-02-03,0.04775625
2018-02-04,0.14551666666666666
2018-02-05,0.07970426829268293
2018-02-06,0.097813298791019
2018-02-07,0.10458339768339768
2018-02-08,0.11430361809045227
2018-02-09,0.07117618320610687
2018-02-10,0.20075846153846155
2018-02-11,0.2653451612903226
2018-02-12,0.038705149051490514
2018-02-13,0.08916470588235294
2018-02-14,0.14560810810810812
2018-02-15,0.05297476038338658
2018-02-16,0.07213300653594772
2018-02-17,0.06172941176470589
2018-02-18,0.0033749999999999943
2018-02-19,-0.03386666666666666
2018-02-20,0.07603376963350784
2018-02-21,0.010419339622641511
2018-02-22,0.005864687500000002
2018-02-23,0.10040563380281689
2018-02-24,0.16292
2018-02-25,0.10397391304347826
2018-02-26,0.07884416243654822
2018-02-27,0.07071349206349206
2018-02-28,0.0009908496732026137
2018-03-01,0.09194859154929577
2018-03-02,0.11602011834319526
2018-03-03,0.16828076923076923
2018-03-04,0.09496428571428572
2018-03-05,0.01845585106382979
2018-03-06,0.07606851063829788
2018-03-07,0.08862985074626865
2018-03-08,0.1065421052631579
2018-03-09,0.12193542857142857
2018-03-10,0.233292
2018-03-11,0.2219529411764706
2018-03-12,0.16407735042735044
2018-03-13,0.10776093023255814
2018-03-14,0.10224918032786885
2018-03-15,0.11281294117647059
2018-03-16,0.13813924731182795
2018-03-17,0.14403478260869565
2018-03-18,0.09564761904761905
2018-03-19,0.008374146341463414
2018-03-20,0.12945514950166112
2018-03-21,0.0715544
2018-03-22,0.11345117370892019
2018-03-23,0.08550804597701149
2018-03-24,0.17073243243243244
2018-03-25,0.06573571428571429
2018-03-26,0.10502022900763358
2018-03-27,0.02772789005658852
2018-03-28,0.014403667953667954
2018-03-29,0.10845482352941176
2018-03-30,0.171238
2018-03-31,0.17946315789473682
2018-04-01,0.10800588235294117
2018-04-02,0.026608074534161492
2018-04-03,0.042978228782287825
2018-04-04,0.039085604606525916
2018-04-05,-0.022084411764705884
2018-04-06,0.009678682842287694
2018-04-07,0.05446944444444443
2018-04-08,0.1933125
2018-04-09,0.07991885441527445
2018-04-10,0.08391069078947368
2018-04-11,0.040220853080568726
2018-04-12,0.12719518413597736
2018-04-13,0.07077857142857143
2018-04-14,-0.03230666666666667
2018-04-15,0.04429354838709677
2018-04-16,0.08855648854961831
2018-04-17,0.040288268156424584
2018-04-18,0.08553764044943821
2018-04-19,0.062382580645161285
2018-04-20,0.06933780487804878
2018-04-21,0.20586875
2018-04-22,-0.05031500000000001
2018-04-23,0.045639150943396226
2018-04-24,0.12627829787234043
2018-04-25,0.13597859424920128
2018-04-26,0.08046881720430107
2018-04-27,0.1328345029239766
2018-04-28,0.08754705882352942
2018-04-29,0.06745294117647059
2018-04-30,0.10362446043165469
2018-05-01,0.09228025477707007
2018-05-02,0.1092648
2018-05-03,0.13258194444444443
2018-05-04,0.10914671532846716
2018-05-05,0.10157708333333333
2018-05-06,0.13736129032258063
2018-05-07,0.12801550802139036
2018-05-08,0.11945672131147542
2018-05-09,0.13348219178082193
2018-05-10,0.0816363923143103
2018-05-11,0.07616916771752837
2018-05-12,0.13394901960784314
2018-05-13,-0.04985238095238095
2018-05-14,0.12543753846153846
2018-05-15,0.04924621848739495
2018-05-16,0.05502705314009663
2018-05-17,0.0503449378330373
2018-05-18,0.05890841121495327
2018-05-19,0.002363265306122449
2018-05-20,0.098785
2018-05-21,0.07013482688391039
2018-05-22,0.047361036468330134
2018-05-23,0.06349351464435146
2018-05-24,0.16627573529411763
2018-05-25,0.13571734693877552
2018-05-26,0.15777441860465116
2018-05-27,0.2311884615384615
2018-05-28,-0.04504473684210526
2018-05-29,0.06440239520958084
2018-05-30,0.1393906432748538
2018-05-31,0.11384723926380368
2018-06-01,0.15467074829931973
2018-06-02,0.2799692307692308
2018-06-03,0.15586857142857144
2018-06-04,0.14328391167192428
2018-06-05,0.12463254437869822
2018-06-06,0.08399539748953974
2018-06-07,0.09599670329670329
2018-06-08,0.11744594594594593
2018-06-09,0.061040000000000004
2018-06-10,0.1557
2018-06-11,0.0585811320754717
2018-06-12,0.02806134969325154
2018-06-13,0.11636122448979591
2018-06-14,0.12178009950248757
2018-06-15,0.11850947368421053
2018-06-16,0.30210000000000004
2018-06-17,0.2178466666666667
2018-06-18,0.11019657534246576
2018-06-19,0.042849038461538466
2018-06-20,0.09158142076502732
2018-06-21,0.0008812500000000008
2018-06-22,0.001748739495798319
2018-06-23,0.17313684210526317
2018-06-24,0.09856666666666666
2018-06-25,0.006007812500000002
2018-06-26,0.1358394495412844
2018-06-27,0.0274011320754717
2018-06-28,0.05344243902439025
2018-06-29,-0.005683524904214558
2018-06-30,-0.08688125
2018-07-01,0.033286666666666666
2018-07-02,0.06124367816091954
2018-07-03,0.0402042944785276
2018-07-04,0.05352647058823529
2018-07-05,0.07522464788732394
2018-07-06,0.04402727272727273
2018-07-07,0.05626842105263158
2018-07-08,0.11459090909090909
2018-07-09,0.060432394366197184
2018-07-10,0.08115426829268294
2018-07-11,0.01004709677419355
2018-07-12,0.0708048
2018-07-13,0.08600348837209303
2018-07-14,0.18400000000000002
2018-07-15,0.16991818181818183
2018-07-16,0.08191666666666667
2018-07-17,0.09863138686131388
2018-07-18,0.08637152317880795
2018-07-19,0.09333786407766992
2018-07-20,0.0592
2018-07-21,0.2054
2018-07-22,0.06857142857142857
2018-07-23,0.05195974842767295
2018-07-24,0.07684417177914112
2018-07-25,0.07588761904761905
2018-07-26,0.16851513513513514
2018-07-27,0.12406176470588234
2018-07-28,0.0629578947368421
2018-07-29,0.04805945945945946
2018-07-30,0.026057142857142855
2018-07-31,0.03257563025210084
2018-08-01,0.08059029126213593
2018-08-02,0.13723636363636366
2018-08-03,0.10226666666666667
2018-08-04,0.19117727272727272
2018-08-05,0.2807176470588235
2018-08-06,0.11445714285714285
2018-08-07,0.10116449275362319
2018-08-08,0.10176118421052632
2018-08-09,0.028884552845528454
2018-08-10,0.12556239316239315
2018-08-11,-0.020309374999999998
2018-08-12,0.160353488372093
2018-08-13,0.06988163265306123
2018-08-14,0.15839084158415842
2018-08-15,0.12052170385395537
2018-08-16,0.06162947443181818
2018-08-17,0.05931080882352941
2018-08-18,0.021722988505747127
2018-08-19,0.08483802816901409
2018-08-20,0.10697400169923535
2018-08-21,0.06892618595825427
2018-08-22,0.10117227378190255
2018-08-23,0.09458873762376238
2018-08-24,0.12890764925373133
2018-08-25,0.15680476190476192
2018-08-26,0.15835454545454544
2018-08-27,0.15869647355163727
2018-08-28,0.09539420289855073
2018-08-29,0.16566329588014983
2018-08-30,0.0822370607028754
2018-08-31,0.06843935483870968
2018-09-01,0.270125
2018-09-02,0.11373611111111111
2018-09-03,0.09300689655172414
2018-09-04,0.0944108108108108
2018-09-05,0.0701817679558011
2018-09-06,0.1609523076923077
2018-09-07,0.06558285714285715
2018-09-08,0.006719230769230773
2018-09-09,-0.018580952380952382
2018-09-10,0.1285320987654321
2018-09-11,0.07899830508474576
2018-09-12,0.08432105263157895
2018-09-13,0.1315421052631579
2018-09-14,0.156835393258427
2018-09-15,0.043948275862068974
2018-09-16,0.22265925925925925
2018-09-17,0.05721428571428572
2018-09-18,0.02030357142857143
2018-09-19,0.03583858267716535
2018-09-20,0.058432112676056344
2018-09-21,0.05630171428571429
2018-09-22,0.073304
2018-09-23,0.10761304347826087
2018-09-24,0.12878680555555555
2018-09-25,0.1139406779661017
2018-09-26,0.05796105263157894
2018-09-27,0.07163698630136986
2018-09-28,0.12431463414634146
2018-09-29,0.28871025641025644
2018-09-30,0.1
2018-10-01,0.16065427872860635
2018-10-02,0.0413124513618677
2018-10-03,0.0647013422818792
2018-10-04,0.06246555555555556
2018-10-05,0.06041867469879519
2018-10-06,0.16677499999999998
2018-10-07,0.16276363636363636
2018-10-08,0.05294295302013423
2018-10-09,0.024371681415929203
2018-10-10,0.014621269841269843
2018-10-11,0.062325559105431305
2018-10-12,0.06985
2018-10-13,0.06348400000000001
2018-10-14,0.194792
2018-10-15,0.0612252
2018-10-16,0.0917052
2018-10-17,0.10048333333333333
2018-10-18,0.05155345911949685
2018-10-19,-0.012998529411764706
2018-10-20,-0.03208695652173913
2018-10-21,0.054253125
2018-10-22,0.06582706766917294
2018-10-23,-0.02407917808219178
2018-10-24,-0.0031300483091787432
2018-10-25,0.04840632911392405
2018-10-26,0.047749748743718595
2018-10-27,0.07250384615384615
2018-10-28,0.04415813953488372
2018-10-29,0.008365398550724637
2018-10-30,0.11266331236897274
2018-10-31,0.08943571428571429
2018-11-01,0.07910384615384616
2018-11-02,0.07091572327044025
2018-11-03,0.1781125
2018-11-04,0.0948153846153846
2018-11-05,0.1159689075630252
2018-11-06,-0.039937662337662334
2018-11-07,0.04866929133858268
2018-11-08,0.061299456521739126
2018-11-09,0.05191477832512315
2018-11-10,0.008180769230769231
2018-11-11,-0.06426956521739131
2018-11-12,-0.000981869688385269
2018-11-13,0.06545787965616046
2018-11-14,0.023988409703504045
2018-11-15,0.01608282319049334
2018-11-16,0.026005995717344754
2018-11-17,0.06481098265895954
2018-11-18,0.048032631578947375
2018-11-19,0.0357373670212766
2018-11-20,0.04345637544273908
2018-11-21,0.08821662790697674
2018-11-22,0.10502612612612612
2018-11-23,0.025252674897119343
2018-11-24,0.053850877192982455
2018-11-25,0.038534848484848484
2018-11-26,0.11707200854700855
2018-11-27,0.08657084398976983
2018-11-28,0.12557154696132597
2018-11-29,0.08743164556962026
2018-11-30,0.10924071856287426
2018-12-01,0.13532833333333333
2018-12-02,0.16350535714285713
2018-12-03,0.12445399361022363
2018-12-04,0.003665573770491804
2018-12-05,0.030876136363636366
2018-12-06,0.06674798534798534
2018-12-07,0.0019463976945244973
2018-12-08,0.13494137931034483
2018-12-09,0.0431468085106383
2018-12-10,-0.004980000000000001
2018-12-11,0.04667513227513227
2018-12-12,0.04833984375
2018-12-13,0.04015309278350515
2018-12-14,0.021457075471698117
2018-12-15,-0.0044200000000000055
2018-12-16,0.11848571428571429
2018-12-17,0.051227272727272725
2018-12-18,0.006538114754098362
2018-12-19,0.04537075718015666
2018-12-20,0.021832686084142395
2018-12-21,0.014254666666666665
2018-12-22,0.08902800000000001
2018-12-23,0.07196041666666667
2018-12-24,0.05546273584905661
2018-12-25,0.11290784313725491
2018-12-26,0.04977243816254417
2018-12-27,0.04249532710280374
2018-12-28,0.12362338129496403
2018-12-29,0.06668965517241379
2018-12-30,0.094935
2018-12-31,0.10475975609756098
2019-01-01,0.23947391304347823
2019-01-02,0.029313084112149532
2019-01-03,0.038184697508896796
2019-01-04,0.08539571428571428
2019-01-05,-5.4054054054052603e-05
2019-01-06,0.15358695652173912
2019-01-07,0.05480036764705882
2019-01-08,0.018657333333333335
2019-01-09,0.02993508771929825
2019-01-10,0.07316685082872929
2019-01-11,0.08524000000000001
2019-01-12,0.09872093023255814
2019-01-13,0.1468423076923077
2019-01-14,0.0834631067961165
2019-01-15,0.05212033898305085
2019-01-16,-0.0018890510948905096
2019-01-17,0.08588950276243093
2019-01-18,0.1821677570093458
2019-01-19,-0.02401923076923077
2019-01-20,0.11393076923076924
2019-01-21,-0.02260555555555556
2019-01-22,0.13071387283236996
2019-01-23,0.052131640624999996
2019-01-24,0.08788911290322582
2019-01-25,0.09422166666666666
2019-01-26,0.15749310344827586
2019-01-27,0.18865714285714286
2019-01-28,0.020919956966110813
2019-01-29,0.02056510538641686
2019-01-30,0.058579310344827586
2019-01-31,0.09121909307875894
2019-02-01,0.019278602620087338
2019-02-02,-0.046074285714285707
2019-02-03,0.1086923076923077
2019-02-04,0.0635236559139785
2019-02-05,0.11051823899371067
2019-02-06,0.12298305785123967
2019-02-07,0.06703601532567051
2019-02-08,0.05929651162790697
2019-02-09,0.04331136363636364
2019-02-10,0.06429800000000001
2019-02-11,0.04381532567049808
2019-02-12,0.04648177570093458
2019-02-13,0.07865430463576159
2019-02-14,0.065812927756654
2019-02-15,0.05098932907348243
2019-02-16,0.1293191176470588
2019-02-17,0.022133333333333335
2019-02-18,0.06406486486486487
2019-02-19,0.057647234042553196
2019-02-20,0.08812798507462687
2019-02-21,0.06314806629834255
2019-02-22,0.084975
2019-02-23,0.20452352941176472
2019-02-24,0.0945
2019-02-25,0.03892301587301587
2019-02-26,-0.03349368932038835
2019-02-27,0.006542690058479533
2019-02-28,0.03895401459854015
2019-03-01,0.07066101694915254
2019-03-02,0.10928461538461537
2019-03-03,-0.04087692307692307
2019-03-04,0.1270265625
2019-03-05,0.0843792
2019-03-06,0.07727310344827586
2019-03-07,0.0033496815286624205
2019-03-08,0.05273520408163265
2019-03-09,0.07163636363636364
2019-03-10,0.06535166666666666
2019-03-11,0.12815532786885245
2019-03-12,0.1137838028169014
2019-03-13,0.09255408163265305
2019-03-14,0.1138909090909091
2019-03-15,0.12107083333333334
2019-03-16,0.20333703703703704
2019-03-17,0.1397
2019-03-18,0.07491572327044026
2019-03-19,0.1278469696969697
2019-03-20,0.058191200000000005
2019-03-21,0.15102166666666667
2019-03-22,0.050518039215686275
2019-03-23,0.012257142857142855
2019-03-24,0.08171428571428573
2019-03-25,0.07156307692307692
2019-03-26,0.12234193548387097
2019-03-27,0.046115833333333335
2019-03-28,0.08520549450549451
2019-03-29,0.061211538461538456
2019-03-30,0.1084
2019-03-31,0.18438000000000002
2019-04-01,0.10340714285714285
2019-04-02,0.09833818181818181
2019-04-03,0.08011962962962964
2019-04-04,0.03798145161290322
2019-04-05,0.12917226277372262
2019-04-06,0.3053421052631579
2019-04-07,0.21837857142857145
2019-04-08,0.06559548872180451
2019-04-09,0.03592051282051282
2019-04-10,0.11948947368421052
2019-04-11,0.0490496644295302
2019-04-12,0.07146447368421054
2019-04-13,-0.02937222222222222
2019-04-14,0.31337000000000004
2019-04-15,-0.0004838709677419352
2019-04-16,0.12987445255474453
2019-04-17,0.10177179487179487
2019-04-18,0.06787606837606838
2019-04-19,0.13015555555555555
2019-04-20,0.212
2019-04-21,0.36065714285714284
2019-04-22,0.19096590909090908
2019-04-23,0.15511904761904763
2019-04-24,0.08710314465408804
2019-04-25,0.0324212543554007
2019-04-26,0.039258551307847084
2019-04-27,0.0661
2019-04-28,0.15058611111111112
2019-04-29,0.09606402877697842
2019-04-30,0.10147126436781609
2019-05-01,0.055545794392523364
2019-05-02,0.08806806722689076
2019-05-03,0.11795151515151514
2019-05-04,-0.09285714285714287
2019-05-05,0.08566122448979592
2019-05-06,0.09807286821705427
2019-05-07,-0.014967857142857144
2019-05-08,0.11372884615384615
2019-05-09,0.0335448051948052
2019-05-10,0.017780769230769232
2019-05-11,0.1478
2019-05-12,0.06864285714285714
2019-05-13,0.05216849315068493
2019-05-14,0.0763671755725191
2019-05-15,0.07420395256916996
2019-05-16,0.05995742388758782
2019-05-17,0.047300803673938
2019-05-18,0.16105
2019-05-19,0.2890864864864865
2019-05-20,0.029438862559241708
2019-05-21,0.08951102941176471
2019-05-22,-0.0068271844660194175
2019-05-23,0.09847102803738318
2019-05-24,0.04586548672566372
2019-05-25,0.18423076923076923
2019-05-26,0.14488
2019-05-27,0.11408484848484848
2019-05-28,0.002679874213836481
2019-05-29,-0.05087666666666667
2019-05-30,-0.001960526315789475
2019-05-31,0.015403301886792455
2019-06-01,0.12549583333333333
2019-06-02,-0.042279310344827584
2019-06-03,0.08154
2019-06-04,0.08928312757201645
2019-06-05,0.08634350282485875
2019-06-06,0.05993369565217392
2019-06-07,0.0620265625
2019-06-08,0.33563333333333334
2019-06-09,0.20473750000000002
2019-06-10,0.13344615384615383
2019-06-11,0.19718333333333332
2019-06-12,-0.013526050420168067
2019-06-13,0.012991964285714289
2019-06-14,0.06582116788321168
2019-06-15,0.24217272727272726
2019-06-16,-0.010340000000000009
2019-06-17,0.010959459459459458
2019-06-18,0.13018376963350786
2019-06-19,0.1299607142857143
2019-06-20,0.08565638297872341
2019-06-21,0.07974875000000001
2019-06-22,0.17406
2019-06-23,0.210025
2019-06-24,-0.002611904761904765
2019-06-25,0.12163061224489796
2019-06-26,0.12027844522968198
2019-06-27,0.0408
2019-06-28,0.0752956896551724
2019-06-29,0.091125
2019-06-30,0.17751538461538463
2019-07-01,0.11773980263157896
2019-07-02,0.011348743718592964
2019-07-03,0.1253305785123967
2019-07-04,0.3911076923076923
2019-07-05,0.04418283582089553
2019-07-06,0.10288666666666665
2019-07-07,0.1356774193548387
2019-07-08,0.03830263157894737
2019-07-09,0.11811111111111111
2019-07-10,0.09606124031007751
2019-07-11,0.12770876623376623
2019-07-12,0.15668219895287958
2019-07-13,0.2917571428571429
2019-07-14,0.14236363636363636
2019-07-15,0.0744
2019-07-16,0.15759009900990098
2019-07-17,0.1228032
2019-07-18,0.11233475609756097
2019-07-19,0.037568750000000005
2019-07-20,-0.09138333333333333
2019-07-21,0.010583333333333333
2019-07-22,0.14543285714285714
2019-07-23,0.139710625
2019-07-24,0.10620070921985815
2019-07-25,0.04715398230088496
2019-07-26,0.14644358974358973
2019-07-27,0.01754545454545454
2019-07-28,0.2816833333333333
2019-07-29,0.1675032786885246
2019-07-30,0.07026617647058823
2019-07-31,-0.014668702290076335
2019-08-01,-0.0432235294117647
2019-08-02,0.004389516129032261
2019-08-03,-0.07298333333333334
2019-08-04,0.010629411764705884
2019-08-05,-0.08262167487684728
2019-08-06,0.01783181818181818
2019-08-07,0.018634328358208954
2019-08-08,0.10428888888888889
2019-08-09,0.035077777777777784
2019-08-10,-0.044259999999999994
2019-08-11,0.015409090909090907
2019-08-12,0.05821538461538461
2019-08-13,0.032
2019-08-14,0.07598839285714286
2019-08-15,0.10042777777777778
2019-08-16,0.12435816135084428
2019-08-17,0.19241666666666668
2019-08-18,0.02459473684210527
2019-08-19,0.19163820224719103
2019-08-20,0.10500390625
2019-08-21,0.08777920792079208
2019-08-22,0.09585473684210526
2019-08-23,0.012723696682464456
2019-08-24,0.09981515151515151
2019-08-25,-0.04914324324324324
2019-08-26,0.02402777777777778
2019-08-27,0.026207352941176473
2019-08-28,0.015040229885057474
2019-08-29,0.10872235294117648
2019-08-30,0.05913934426229508
2019-08-31,0.2304
2019-09-01,0.36252
2019-09-02,0.05088333333333333
2019-09-03,0.1649782608695652
2019-09-04,0.051525581395348845
2019-09-05,0.11325823529411766
2019-09-06,0.11656415094339623
2019-09-07,0.27810999999999997
2019-09-08,0.32835
2019-09-09,0.093534
2019-09-10,0.08544583333333333
2019-09-11,0.19252261904761905
2019-09-12,0.11568690476190477
2019-09-13,0.16802567567567567
2019-09-14,0.24699999999999997
2019-09-15,0.140025
2019-09-16,0.12049333333333333
2019-09-17,0.11011481481481482
2019-09-18,0.07223333333333333
2019-09-19,-0.06485581395348837
2019-09-20,0.020253164556962026
2019-09-21,0.08436666666666666
2019-09-22,0.12202500000000001
2019-09-23,0.2067309090909091
2019-09-24,0.04566
2019-09-25,0.1042508064516129
2019-09-26,0.03168173913043478
2019-09-27,0.0540360544217687
2019-09-28,0.1832375
2019-09-29,0.23344
2019-09-30,-0.023703529411764703
2019-10-01,0.06851398601398602
2019-10-02,0.0619515625
2019-10-03,0.08028793103448276
2019-10-04,0.1251609375
2019-10-05,0.05502222222222222
2019-10-06,0.3359857142857143
2019-10-07,0.15699179104477612
2019-10-08,0.08394912280701754
2019-10-09,0.038912499999999996
2019-10-10,0.045972972972972974
2019-10-11,0.11669396551724139
2019-10-12,-0.002349999999999998
2019-10-13,0.15967272727272727
2019-10-14,0.075978125
2019-10-15,0.13991135734072022
2019-10-16,0.04514066666666667
2019-10-17,0.05638881118881119
2019-10-18,0.04057079646017699
2019-10-19,-0.04061111111111112
2019-10-20,0.07274
2019-10-21,0.12368764044943821
2019-10-22,0.12710276243093924
2019-10-23,0.09625
2019-10-24,0.028642372881355935
2019-10-25,0.1462525179856115
2019-10-26,0.13635813953488374
2019-10-27,0.11225384615384616
2019-10-28,0.1381378787878788
2019-10-29,0.022791176470588235
2019-10-30,0.157271875
2019-10-31,0.03207804878048781
2019-11-01,0.08149893617021277
2019-11-02,0.18
2019-11-03,0.12141818181818181
2019-11-04,0.17422137931034484
2019-11-05,0.12824772727272726
2019-11-06,0.09575211267605634
2019-11-07,0.09059583333333333
2019-11-08,0.073252
2019-11-09,0.20111428571428572
2019-11-10,0.13347894736842103
2019-11-11,0.1852
2019-11-12,0.1633690909090909
2019-11-13,0.09778275862068965
2019-11-14,0.06353380376344087
2019-11-15,0.09446164874551972
2019-11-16,0.24807600000000002
2019-11-17,0.20563333333333333
2019-11-18,0.12470731070496084
2019-11-19,0.03848101851851852
2019-11-20,0.06998441558441558
2019-11-21,0.07474645161290323
2019-11-22,0.05159908256880734
2019-11-23,0.3167846153846154
2019-11-24,0.08880769230769231
2019-11-25,0.20227593220338982
2019-11-26,0.07701375
2019-11-27,0.11236857142857143
2019-11-28,0.30984
2019-11-29,0.05520869565217391
2019-11-30,0.13631666666666667
2019-12-01,-0.0086
2019-12-02,0.06771792452830189
2019-12-03,0.08786324324324324
2019-12-04,0.12673516483516484
2019-12-05,0.08530416666666667
2019-12-06,0.09691805555555555
2019-12-07,0.2175111111111111
2019-12-08,-0.216
2019-12-09,0.09144166666666666
2019-12-10,0.11605842696629214
2019-12-11,0.09736833333333333
2019-12-12,0.1971719178082192
2019-12-13,0.04905304878048781
2019-12-14,0.3357466666666667
2019-12-15,0.07548888888888888
2019-12-16,0.07057972972972973
2019-12-17,0.13814366197183098
2019-12-18,0.1619551282051282
2019-12-19,0.18136339869281046
2019-12-20,0.08485081967213115
2019-12-21,0.2767148148148148
2019-12-22,0.3318117647058823
2019-12-23,0.14537767857142855
2019-12-24,0.21595806451612903
2019-12-25,0.4273230769230769
2019-12-26,0.12459322033898305
2019-12-27,0.09863376623376624
2019-12-28,0.08891
2019-12-29,-0.2179625
2019-12-30,0.11494175824175824
2019-12-31,0.21324111111111113
2020-01-01,0.24169166666666667
2020-01-02,0.24786164383561646
2020-01-03,0.18747230769230772
2020-01-04,0.19115
2020-01-05,0.184475
2020-01-06,0.06774920634920635
2020-01-07,0.12198510638297871
2020-01-08,0.09904197530864199
2020-01-09,0.08955825242718446
2020-01-10,0.047099999999999996
2020-01-11,0.053700000000000005
2020-01-12,0.061675
2020-01-13,0.21905688073394497
2020-01-14,0.1757470588235294
2020-01-15,0.10376984126984126
2020-01-16,0.19906666666666664
2020-01-17,0.10366181818181819
2020-01-18,0.15852272727272726
2020-01-19,-0.027516666666666672
2020-01-20,0.0615
2020-01-21,0.07719166666666667
2020-01-22,0.13844
2020-01-23,0.18339903846153846
2020-01-24,0.15171176470588235
2020-01-25,0.00042999999999999706
2020-01-26,0.47942999999999997
2020-01-27,0.05797142857142857
2020-01-28,0.15527373737373737
2020-01-29,0.05542142857142857
2020-01-30,0.2396672727272727
2020-01-31,0.02031625
2020-02-01,0.016610000000000003
2020-02-02,0.028893333333333333
2020-02-03,0.025997222222222227
2020-02-04,0.04508909090909091
2020-02-05,0.1728212765957447
2020-02-06,0.049179999999999995
2020-02-07,0.10067142857142858
2020-02-08,0.20134
2020-02-09,-0.08917499999999999
2020-02-10,0.14772753623188406
2020-02-11,0.23548982300884957
2020-02-12,0.09328695652173913
2020-02-13,0.14029213583556746
2020-02-14,0.18239106881405565
2020-02-15,0.1844575
2020-02-16,0.0847611111111111
2020-02-17,0.1477744680851064
2020-02-18,0.152512012987013
2020-02-19,0.1639899383983573
2020-02-20,0.10327842565597668
2020-02-21,0.07591867816091953
2020-02-22,-0.03396521739130434
2020-02-23,0.21298857142857144
2020-02-24,0.06352540716612379
2020-02-25,0.07501261538461539
2020-02-26,0.05548132780082987
2020-02-27,0.09320775862068967
2020-02-28,0.11377803203661328
2020-02-29,0.06345
2020-03-01,0.067468
2020-03-02,0.03951675392670157
2020-03-03,0.056047857142857135
2020-03-04,0.09154887640449438
2020-03-05,0.04905621621621622
2020-03-06,0.05527579617834395
2020-03-07,0.07797499999999999
2020-03-08,0.03511842105263158
2020-03-09,0.04197292817679558
2020-03-10,0.023189814814814816
2020-03-11,0.12650687022900764
2020-03-12,0.051775565610859726
2020-03-13,0.07144709677419354
2020-03-14,-0.07592058823529413
2020-03-15,-0.03454897959183673
2020-03-16,0.006640119760479041
2020-03-17,0.13070671641791046
2020-03-18,0.054908241758241765
2020-03-19,0.06944730538922156
2020-03-20,0.025150000000000002
2020-03-21,0.026070833333333335
2020-03-22,-0.10983793103448276
2020-03-23,0.005996899224806205
2020-03-24,0.10289606741573033
2020-03-25,0.13482345132743362
2020-03-26,0.07721428571428572
2020-03-27,0.0534460580912863
2020-03-28,0.004419230769230767
2020-03-29,-0.05138076923076924
2020-03-30,0.07922757009345793
2020-03-31,0.04209333333333333
2020-04-01,-0.026352763819095477
2020-04-02,0.0249995652173913
2020-04-03,0.0042463414634146355
2020-04-04,-0.06666428571428572
2020-04-05,-0.029223076923076925
2020-04-06,0.12207043478260869
2020-04-07,0.15134210526315792
2020-04-08,0.16026382978723405
2020-04-09,-0.0186979797979798
2020-04-10,0.1310457142857143
2020-04-11,0.05671818181818182
2020-04-12,0.24603529411764705
2020-04-13,0.037582926829268296
2020-04-14,0.13497610062893084
2020-04-15,0.10032627118644068
2020-04-16,0.1265628664495114
2020-04-17,0.10135067264573991
2020-04-18,0.10682608695652174
2020-04-19,0.29569259259259256
2020-04-20,0.07337142857142859
2020-04-21,0.059062804878048776
2020-04-22,0.09807034482758621
2020-04-23,0.07813793103448276
2020-04-24,0.11198617021276595
2020-04-25,0.15422857142857144
2020-04-26,0.33232142857142855
2020-04-27,0.19558827586206895
2020-04-28,0.06620354609929077
2020-04-29,0.06368165137614679
2020-04-30,0.08460222222222223
2020-05-01,0.13838571428571428
2020-05-02,-0.02557272727272727
2020-05-03,0.2131869565217391
2020-05-04,0.14111170212765958
2020-05-05,0.15240545454545457
2020-05-06,0.05107045454545455
2020-05-07,0.06806272727272727
2020-05-08,0.05467573529411765
2020-05-09,0.009070454545454545
2020-05-10,0.10842962962962963
2020-05-11,0.18664522613065326
2020-05-12,0.04637954545454546
2020-05-13,0.06343903743315508
2020-05-14,0.12128695652173914
2020-05-15,0.11816520833333333
2020-05-16,0.17287999999999998
2020-05-17,0.07015131578947369
2020-05-18,0.0950424778761062
2020-05-19,0.14053529411764704
2020-05-20,0.10686764705882353
2020-05-21,0.09904172349659021
2020-05-22,0.1502142628205128
2020-05-23,0.22139024390243903
2020-05-24,0.15120454545454545
2020-05-25,0.22968648648648649
2020-05-26,0.058226501766784455
2020-05-27,0.11228128898128899
2020-05-28,0.12488605577689242
2020-05-29,0.12847722222222224
2020-05-30,0.25619090909090914
2020-05-31,-0.008415789473684205
2020-06-01,0.07708735632183908
2020-06-02,0.12155809523809524
2020-06-03,-0.020933707865168537
2020-06-04,0.16926363636363634
2020-06-05,0.08233937007874016
2020-06-06,0.11606470588235294
2020-06-07,0.254845
2020-06-08,0.14596966292134833
2020-06-09,0.25983566433566435
2020-06-10,0.24264761904761906
2020-06-11,0.10529930555555556
2020-06-12,0.1684348623853211
2020-06-13,0.24339444444444444
2020-06-14,0.22027241379310344
2020-06-15,0.14295833333333333
2020-06-16,0.11240657894736841
2020-06-17,0.1985184523809524
2020-06-18,0.27107752808988766
2020-06-19,0.1626439393939394
2020-06-20,0.29790967741935487
2020-06-21,0.4014615384615385
2020-06-22,0.19800794701986754
2020-06-23,0.1601086705202312
2020-06-24,0.16374601769911504
2020-06-25,0.10469704142011833
2020-06-26,0.07300625
2020-06-27,0.28628148148148147
2020-06-28,0.27236666666666665
2020-06-29,0.1579183486238532
2020-06-30,0.16064528301886793
2020-07-01,0.155135
2020-07-02,0.1288679389312977
2020-07-03,0.15584
2020-07-04,0.18479411764705883
2020-07-05,0.4134625
2020-07-06,0.1776876404494382
2020-07-07,0.17838173515981737
2020-07-08,0.1608214285714286
2020-07-09,0.14968373015873015
2020-07-10,0.1853436170212766
2020-07-11,0.15585
2020-07-12,0.25141842105263157
2020-07-13,0.05952699386503067
2020-07-14,0.1652767326732673
2020-07-15,0.1655092105263158
2020-07-16,0.17805882352941177
2020-07-17,0.15882386363636364
2020-07-18,0.06166153846153847
2020-07-19,0.0646125
2020-07-20,0.2071586956521739
2020-07-21,0.2398263157894737
2020-07-22,0.1755958904109589
2020-07-23,0.1270238095238095
2020-07-24,0.1523759825327511
2020-07-25,0.37748333333333334
2020-07-26,0.2029142857142857
2020-07-27,0.13092828282828284
2020-07-28,0.13298988764044944
2020-07-29,0.1970991304347826
2020-07-30,0.16070656934306568
2020-07-31,0.209589552238806
2020-08-01,0.025440624999999998
2020-08-02,0.2273657142857143
2020-08-03,0.19579589743589743
2020-08-04,0.1809388888888889
2020-08-05,0.15706138613861387
2020-08-06,0.1610246913580247
2020-08-07,0.11535233644859813
2020-08-08,0.2118782608695652
2020-08-09,0.15345999999999999
2020-08-10,0.1387293103448276
2020-08-11,0.1233043795620438
2020-08-12,0.1714478448275862
2020-08-13,0.1454991525423729
2020-08-14,0.15725642458100558
2020-08-15,0.22202285714285716
2020-08-16,0.22451777777777776
2020-08-17,0.15748755622188906
2020-08-18,0.14005095652173913
2020-08-19,0.08646707783921735
2020-08-20,0.12541798493408665
2020-08-21,0.12162051860202931
2020-08-22,0.1578364864864865
2020-08-23,0.3019851351351351
2020-08-24,0.1506575221238938
2020-08-25,0.13343903743315508
2020-08-26,0.14959078341013823
2020-08-27,0.10430848484848484
2020-08-28,0.13437408256880734
2020-08-29,0.21693714285714286
2020-08-30,0.27086666666666664
2020-08-31,0.11201607142857142
2020-09-01,0.15250530546623794
2020-09-02,0.16368690647482015
2020-09-03,0.10839898255813954
2020-09-04,0.09204599156118143
2020-09-05,0.16068235294117647
2020-09-06,-0.018822916666666665
2020-09-07,0.24331176470588237
2020-09-08,0.08327464387464388
2020-09-09,0.1565929012345679
2020-09-10,0.14843014184397163
2020-09-11,0.10117566371681416
2020-09-12,0.12599846153846153
2020-09-13,0.12581818181818183
2020-09-14,0.14487445721583653
2020-09-15,0.10280787037037038
2020-09-16,0.08826772151898735
2020-09-17,0.08422921686746988
2020-09-18,0.09151639344262295
2020-09-19,0.06956052631578948
2020-09-20,0.06478444444444444
2020-09-21,0.1624284403669725
2020-09-22,0.0629277108433735
2020-09-23,0.08192882352941176
2020-09-24,0.08496640316205534
2020-09-25,0.13827777777777778
2020-09-26,0.09291875
2020-09-27,0.28972368421052636
2020-09-28,0.09943653846153847
2020-09-29,0.15465943775100402
2020-09-30,0.09393280423280423
2020-10-01,0.15076818181818183
2020-10-02,0.1253796954314721
2020-10-03,0.11781219512195122
2020-10-04,0.14123684210526316
2020-10-05,0.22885305164319247
2020-10-06,0.14620655737704918
2020-10-07,0.13548201754385966
2020-10-08,0.03866745406824147
2020-10-09,0.08155145228215768
2020-10-10,0.221571875
2020-10-11,0.2295888888888889
2020-10-12,0.12977463414634147
2020-10-13,0.14564537037037037
2020-10-14,0.04735252525252525
2020-10-15,0.07123055555555556
2020-10-16,0.08105416666666666
2020-10-17,0.06909444444444444
2020-10-18,0.1693
2020-10-19,0.1037404255319149
2020-10-20,0.05881477272727273
2020-10-21,0.17197118644067796
2020-10-22,0.13409727272727273
2020-10-23,0.1122353982300885
2020-10-24,0.20923999999999998
2020-10-25,0.2743210526315789
2020-10-26,0.10400714285714285
2020-10-27,0.2544639175257732
2020-10-28,0.07308120805369128
2020-10-29,0.12927909090909093
2020-10-30,0.16121238938053095
2020-10-31,0.14980434782608695
2020-11-01,0.35359411764705884
2020-11-02,0.16115454545454547
2020-11-03,0.15306966292134833
2020-11-04,0.11003515625
2020-11-05,0.17355588235294117
2020-11-06,0.1568233082706767
2020-11-07,0.2613390243902439
2020-11-08,0.25629285714285716
2020-11-09,0.0940263829787234
2020-11-10,0.1278576131687243
2020-11-11,0.16372937853107344
2020-11-12,0.14604
2020-11-13,0.13664886363636364
2020-11-14,0.16609565217391303
2020-11-15,0.17079117647058822
2020-11-16,0.16328199999999998
2020-11-17,0.09852214765100671
2020-11-18,0.08981253051261187
2020-11-19,0.0986825958702065
2020-11-20,0.11281613924050633
2020-11-21,0.13328727272727273
2020-11-22,0.1996659090909091
2020-11-23,0.0997774647887324
2020-11-24,0.07428614718614719
2020-11-25,0.08190705128205128
2020-11-26,0.3904290322580645
2020-11-27,0.17019464285714284
2020-11-28,0.1637625
2020-11-29,0.1312952380952381
2020-11-30,0.15005603448275864
2020-12-01,0.09362857142857144
2020-12-02,0.14819776536312848
2020-12-03,0.017866990291262142
2020-12-04,0.2568145038167939
2020-12-05,0.32385714285714284
2020-12-06,0.1631125
2020-12-07,0.086949
2020-12-08,0.0737171974522293
2020-12-09,-0.0008214659685863846
2020-12-10,0.12045641025641025
2020-12-11,0.09793548387096775
2020-12-12,0.3220352941176471
2020-12-13,0.313724
2020-12-14,0.23509684210526316
2020-12-15,0.1861948717948718
2020-12-16,0.07426989247311827
2020-12-17,0.15313052631578947
2020-12-18,0.06775044247787611
2020-12-19,0.16022571428571428
2020-12-20,0.2727428571428571
2020-12-21,0.10875979381443299
2020-12-22,0.0834608695652174
2020-12-23,0.07698796992481202
2020-12-24,-0.006222471910112359
2020-12-25,0.1541153846153846
2020-12-26,-0.06113
2020-12-27,0.056162500000000004
2020-12-28,0.023421084337349397
2020-12-29,0.09526319018404908
2020-12-30,0.16424894514767932
2020-12-31,0.14311007751937982
2021-01-01,0.13879999999999998
2021-01-02,0.11075714285714286
2021-01-03,0.27822631578947365
2021-01-04,0.1862236434108527
2021-01-05,0.15319056603773584
2021-01-06,0.1317118881118881
2021-01-07,0.12203132530120482
2021-01-08,0.10645862068965517
2021-01-09,0.226898031496063
2021-01-10,0.2032430894308943
2021-01-11,0.13594704433497537
2021-01-12,0.1155972972972973
2021-01-13,0.11816716417910449
2021-01-14,0.08285541666666667
2021-01-15,0.16881491712707183
2021-01-16,0.17770999999999998
2021-01-17,0.27423200000000003
2021-01-18,0.22392608695652172
2021-01-19,0.11544360902255639
2021-01-20,0.1422716814159292
2021-01-21,0.14971473684210526
2021-01-22,0.17055350318471338
2021-01-23,0.2162875
2021-01-24,0.2088
2021-01-25,0.1399177966101695
2021-01-26,0.18733259259259258
2021-01-27,0.11428217054263566
2021-01-28,0.12934166666666666
2021-01-29,0.03676739130434783
2021-01-30,0.18145333333333333
2021-01-31,0.18343478260869567
2021-02-01,0.18975955056179775
2021-02-02,0.14368425925925926
2021-02-03,0.09689738562091503
2021-02-04,0.10540854700854702
2021-02-05,0.19708139534883723
2021-02-06,0.21219393939393938
2021-02-07,0.40181500000000003
2021-02-08,0.160875
2021-02-09,0.10710634920634919
2021-02-10,0.15535815384615384
2021-02-11,0.10911778290993071
2021-02-12,0.07108595238095239
2021-02-13,0.18347954545454545
2021-02-14,0.18534444444444442
2021-02-15,0.2078
2021-02-16,0.13484941176470588
2021-02-17,0.024915972222222225
2021-02-18,0.19955625000000002
2021-02-19,0.17617421875
2021-02-20,0.23072608695652175
2021-02-21,0.193896875
2021-02-22,0.07996294117647058
2021-02-23,0.13495555555555555
2021-02-24,0.09349625570776256
2021-02-25,0.07227391304347826
2021-02-26,0.14093704918032787
2021-02-27,0.21849333333333334
2021-02-28,0.15095769230769232
2021-03-01,0.0846621722846442
2021-03-02,0.056332474226804125
2021-03-03,0.031730635838150285
2021-03-04,0.04717523219814242
2021-03-05,0.07856575757575758
2021-03-06,0.11623571428571429
2021-03-07,-0.03878518518518518
2021-03-08,0.008511709601873536
2021-03-09,0.06294395604395606
2021-03-10,0.1206282894736842
2021-03-11,0.11668437499999999
2021-03-12,0.16934903846153848
2021-03-13,0.3361368421052632
2021-03-14,0.3500384615384615
2021-03-15,0.09187820512820513
2021-03-16,0.08155813953488371
2021-03-17,-0.014126999999999994
2021-03-18,0.015222321428571427
2021-03-19,0.11283263157894738
2021-03-20,0.0963142857142857
2021-03-21,0.22019411764705882
2021-03-22,0.14490862068965518
2021-03-23,0.10261311475409837
2021-03-24,0.010392708333333332
2021-03-25,0.10152465753424657
2021-03-26,-0.008795419847328245
2021-03-27,0.21039047619047618
2021-03-28,0.27132999999999996
2021-03-29,0.11297118644067797
2021-03-30,0.07955161290322581
2021-03-31,0.034886400000000005
2021-04-01,0.20014420289855073
2021-04-02,0.21921666666666667
2021-04-03,0.2989
2021-04-04,0.1694576923076923
2021-04-05,0.1686842105263158
2021-04-06,0.05648292682926829
2021-04-07,0.12059756097560977
2021-04-08,0.0835233082706767
2021-04-09,0.06732876712328767
2021-04-10,0.09772857142857141
2021-04-11,0.07081666666666667
2021-04-12,0.15239058524173027
2021-04-13,0.1535757085020243
2021-04-14,0.11527094594594593
2021-04-15,0.15467139479905437
2021-04-16,0.11820493827160494
2021-04-17,0.050611538461538465
2021-04-18,0.141032
2021-04-19,0.09112959183673469
2021-04-20,0.12149433962264151
2021-04-21,0.11056090909090908
2021-04-22,0.07506220472440944
2021-04-23,0.05240531914893617
2021-04-24,0.1037625
2021-04-25,-0.029094117647058822
2021-04-26,0.05776987951807229
2021-04-27,0.07178301886792453
2021-04-28,0.10522637362637362
2021-04-29,0.10015405405405406
2021-04-30,0.035362500000000005
2021-05-01,0.2866166666666667
2021-05-02,0.32670000000000005
2021-05-03,0.025898780487804883
2021-05-04,0.0641111111111111
2021-05-05,0.18867278911564625
2021-05-06,0.08080232558139534
2021-05-07,0.13541739130434782
2021-05-08,-0.11023999999999999
2021-05-09,0.20576363636363634
2021-05-10,0.04207857142857143
2021-05-11,0.07024183673469388
2021-05-12,-0.06475977011494254
2021-05-13,-0.011048275862068966
2021-05-14,0.08988585858585858
2021-05-15,0.2
2021-05-16,0.17850909090909092
2021-05-17,0.097675
2021-05-18,0.12086478873239437
2021-05-19,0.09118076923076923
2021-05-20,0.1816984536082474
2021-05-21,0.12638516949152542
2021-05-22,0.18881374045801527
2021-05-23,0.14325681818181818
2021-05-24,0.1157615207373272
2021-05-25,0.10571909814323607
2021-05-26,0.09218361801242236
2021-05-27,0.14286017857142858
2021-05-28,0.13856462809917355
2021-05-29,0.23858478260869564
2021-05-30,0.1322153846153846
2021-05-31,0.10926666666666666
2021-06-01,0.10520395256916996
2021-06-02,0.10143301886792452
2021-06-03,0.09993226351351352
2021-06-04,0.10196538461538461
2021-06-05,0.131815
2021-06-06,0.10981641791044776
2021-06-07,0.10096257425742575
2021-06-08,0.07940681114551083
2021-06-09,0.07954786885245901
2021-06-10,0.04149071207430341
2021-06-11,0.12355579868708973
2021-06-12,0.13976610169491524
2021-06-13,0.21943555555555555
2021-06-14,0.0976139240506329
2021-06-15,0.05254587155963303
2021-06-16,0.08785438596491228
2021-06-17,0.11999252577319587
2021-06-18,0.11440319715808171
2021-06-19,0.10077113402061856
2021-06-20,0.10518382352941176
2021-06-21,0.11093338088445079
2021-06-22,0.10160465631929047
2021-06-23,0.08601534246575343
2021-06-24,0.09383766937669377
2021-06-25,0.0654556270096463
2021-06-26,0.08113428571428571
2021-06-27,0.1486258064516129
2021-06-28,0.09810849514563108
2021-06-29,0.10085985915492958
2021-06-30,0.09853646017699115
2021-07-01,0.0945576874205845
2021-07-02,0.10986691449814127
2021-07-03,0.08027076923076923
2021-07-04,0.23928863636363637
2021-07-05,0.14714383561643837
2021-07-06,0.11631552795031055
2021-07-07,0.06593277511961722
2021-07-08,0.07691788908765654
2021-07-09,0.06211857923497267
2021-07-10,0.131565306122449
2021-07-11,0.18434473684210528
2021-07-12,0.12682572254335261
2021-07-13,0.07019223300970874
2021-07-14,0.07179623529411765
2021-07-15,0.06505960264900662
2021-07-16,0.054958751279426815
2021-07-17,0.062113043478260875
2021-07-18,0.20994605263157895
2021-07-19,0.08662540021344718
2021-07-20,0.051564851258581235
2021-07-21,0.11444302631578947
2021-07-22,0.10283496932515337
2021-07-23,0.07608326771653544
2021-07-24,0.11275882352941177
2021-07-25,0.1993423076923077
2021-07-26,0.10450625
2021-07-27,0.0960332179930796
2021-07-28,0.12156464646464647
2021-07-29,0.10135294117647059
2021-07-30,0.09567
2021-07-31,0.1277241379310345
2021-08-01,0.08621794871794873
2021-08-02,0.1004750700280112
2021-08-03,0.08093823529411764
2021-08-04,0.12723940149625937
2021-08-05,0.13502374670184697
2021-08-06,0.16995149999999998
2021-08-07,0.15191714285714286
2021-08-08,0.2692
2021-08-09,0.1116408
2021-08-10,0.08164580645161292
2021-08-11,0.09796666666666666
2021-08-12,0.15336642066420664
2021-08-13,0.14925473684210527
2021-08-14,0.2521333333333334
2021-08-15,0.3131
2021-08-16,0.14423817204301076
2021-08-17,0.04533020527859238
2021-08-18,0.07842012401352876
2021-08-19,0.10209061833688698
2021-08-20,0.06264723053892216
2021-08-21,0.12926203703703704
2021-08-22,0.16812625
2021-08-23,0.11547509541984732
2021-08-24,0.11622054992764111
2021-08-25,0.12228535031847133
2021-08-26,0.12614974747474747
2021-08-27,0.13882542694497155
2021-08-28,0.15188500000000002
2021-08-29,0.009625892857142862
2021-08-30,0.0705683284457478
2021-08-31,0.07642671009771987
2021-09-01,0.07814578754578755
2021-09-02,0.09073056768558953
2021-09-03,0.16215340314136126
2021-09-04,0.1695958333333333
2021-09-05,0.29945416666666663
2021-09-06,0.17853170731707316
2021-09-07,0.026781702127659575
2021-09-08,0.07764770318021201
2021-09-09,0.10761886792452831
2021-09-10,0.1084201030927835
2021-09-11,-0.0273923076923077
2021-09-12,0.19816111111111112
2021-09-13,0.006691549295774649
2021-09-14,0.08552888888888889
2021-09-15,0.13277765957446808
2021-09-16,0.15177315436241612
2021-09-17,0.06598047619047619
2021-09-18,0.24596153846153845
2021-09-19,0.07456363636363637
2021-09-20,0.071145625
2021-09-21,0.039420245398773
2021-09-22,0.10975454545454545
2021-09-23,0.12295530303030303
2021-09-24,0.048709051724137926
2021-09-25,0.014870000000000012
2021-09-26,0.1244125
2021-09-27,0.06346805555555556
2021-09-28,0.0172041095890411
2021-09-29,0.07044216589861751
2021-09-30,0.07398776371308016
2021-10-01,0.05672857142857143
2021-10-02,0.16314848484848485
2021-10-03,-0.048020833333333325
2021-10-04,0.04639975961538461
2021-10-05,0.10366601941747573
2021-10-06,0.053233936651583706
2021-10-07,0.09057522935779817
2021-10-08,0.054013360323886636
2021-10-09,0.222075
2021-10-10,0.0467
2021-10-11,0.0723512987012987
2021-10-12,0.06063233532934131
2021-10-13,0.05241463414634146
2021-10-14,0.15266949685534592
2021-10-15,0.1559405797101449
2021-10-16,0.2058047619047619
2021-10-17,0.30467500000000003
2021-10-18,0.14371734104046244
2021-10-19,0.16292034883720932
2021-10-20,0.16288157894736843
2021-10-21,0.15070989761092152
2021-10-22,0.10079077490774907
2021-10-23,0.008408695652173915
2021-10-24,0.24292083333333334
2021-10-25,0.12983079268292683
2021-10-26,0.14727157894736842
2021-10-27,0.10917267441860465
2021-10-28,0.12971818181818182
2021-10-29,0.12872549504950495
2021-10-30,0.23556078431372549
2021-10-31,0.21320243902439026
2021-11-01,0.14979816513761468
2021-11-02,0.10351920152091255
2021-11-03,0.0921361111111111
2021-11-04,0.08749167862266857
2021-11-05,0.10396710590531967
2021-11-06,0.1444046511627907
2021-11-07,0.17002340425531914
2021-11-08,0.11482505617977527
2021-11-09,0.09751061893203883
2021-11-10,0.1136614931237721
2021-11-11,0.1114634110787172
2021-11-12,0.058450246305418715
2021-11-13,0.16584206349206349
2021-11-14,0.08420093457943924
2021-11-15,0.11117648953301126
2021-11-16,0.10508934550989346
2021-11-17,0.06127402733964248
2021-11-18,0.1051007817811013
2021-11-19,0.07492852376980817
2021-11-20,0.1651126050420168
2021-11-21,0.14180105263157894
2021-11-22,0.079542538593482
2021-11-23,0.06029745454545455
2021-11-24,0.10297703703703705
2021-11-25,0.2253990990990991
2021-11-26,0.09061163310961969
2021-11-27,0.12861551724137932
2021-11-28,0.1471657894736842
2021-11-29,0.12573014184397163
2021-11-30,0.05119258064516129
2021-12-01,0.053515761821366026
2021-12-02,0.06521727828746177
2021-12-03,0.04759986842105263
2021-12-04,-0.002171875
2021-12-05,0.04166029411764706
2021-12-06,0.06273333333333334
2021-12-07,0.07786376440460947
2021-12-08,0.06444894837476099
2021-12-09,0.04025766961651917
2021-12-10,0.030205340453938585
2021-12-11,0.06841641791044777
2021-12-12,0.09632857142857143
2021-12-13,0.013776505429417572
2021-12-14,0.05912667450058755
2021-12-15,0.07850278044103548
2021-12-16,0.04324328462073765
2021-12-17,0.02380594758064516
2021-12-18,0.08961020408163266
2021-12-19,0.078376
2021-12-20,0.06897823529411765
2021-12-21,0.06834748908296943
2021-12-22,0.054402322206095796
2021-12-23,0.07639746192893401
2021-12-24,0.08077857142857144
2021-12-25,0.208665625
2021-12-26,0.10418125
2021-12-27,0.12794568138195778
2021-12-28,0.10041153262518968
2021-12-29,0.037534625322997416
2021-12-30,0.01030947666195191
2021-12-31,0.0668716814159292
2022-01-01,0.18316666666666667
2022-01-02,0.17910217391304348
2022-01-03,0.09831
2022-01-04,0.06252908680947013
2022-01-05,0.02010245821042281
2022-01-06,0.07021511627906978
2022-01-07,0.04897053435114503
2022-01-08,0.1858901408450704
2022-01-09,0.03246309523809524
2022-01-10,0.05543058035714286
2022-01-11,0.06720000000000001
2022-01-12,0.052445138888888895
2022-01-13,0.018229217199558986
2022-01-14,0.0528370705244123
2022-01-15,0.18443846153846155
2022-01-16,0.07956382978723404
2022-01-17,0.11869767441860465
2022-01-18,0.03788100961538461
2022-01-19,0.014935321821036107
2022-01-20,0.01313286384976526
2022-01-21,0.027581590909090913
2022-01-22,0.10559833333333332
2022-01-23,0.10765408163265307
2022-01-24,0.030479069767441858
2022-01-25,0.059918789144050105
2022-01-26,0.06258579545454546
2022-01-27,0.05297313218390805
2022-01-28,0.019466129032258066
2022-01-29,0.055938888888888885
2022-01-30,0.08151666666666667
2022-01-31,0.08132709359605911
2022-02-01,0.116606330749354
2022-02-02,0.08791167763157895
2022-02-03,0.07875114155251142
2022-02-04,0.10699120234604106
2022-02-05,0.18638823529411766
2022-02-06,0.08633636363636364
2022-02-07,0.10851698113207547
2022-02-08,0.08667162162162162
2022-02-09,0.11510463980463981
2022-02-10,0.08015345622119817
2022-02-11,0.035758000000000005
2022-02-12,0.0549780487804878
2022-02-13,0.14233020833333335
2022-02-14,0.0814480808080808
2022-02-15,0.10186593794076164
2022-02-16,0.04846292491312887
2022-02-17,0.03526731517509728
2022-02-18,0.026632473811442386
2022-02-19,0.08963524590163933
2022-02-20,0.014510227272727272
2022-02-21,0.042332835820895524
2022-02-22,0.04370048701298701
2022-02-23,-0.016148132780082987
2022-02-24,-5.314591700133982e-05
2022-02-25,-0.02054231651376147
2022-02-26,0.10344216867469878
2022-02-27,-0.048763218390804594
2022-02-28,0.0921258064516129
